time,addr,symbol,mint_auth,freeze_auth,top1,top5,top10,top10_ex1,insiders,insider_nets,holders,creator_bal,rc_score
2026-07-15 22:56,8Gw5ERAe6hxMKyYWVXVhok6jhcvQkAfKH1bFBeQepump,BUYSEXUAL,False,False,6.7,18.8,30.1,25.4,0,0,6,1631323375821,50
2026-07-15 22:56,AuQj7YQSe5ypzxU3f8DDDjNK5qk9PSVCNBcnwAMapump,WIFSEM,False,False,11.9,18.6,24.1,13.4,0,0,90,0,1
2026-07-15 22:56,4LjLUvg56sBrzstX6Cw9YYr3k31PdZGQg5u2mCM4pump,BULLDOG,False,False,11.3,17.6,23.0,12.8,30,5,503,0,1
2026-07-15 22:56,FieiBMr1f8xD1fBTk6ULv7dEsQeBP4JYz9u3s3okpump,Solanadier,False,False,4.4,7.4,11.0,7.3,0,0,320,0,1
2026-07-15 22:56,7apj78jEgPGup8UqAcHd9vuDDpWwSapGBdCvF6Uapump,ORO,False,False,15.4,22.7,27.5,12.8,0,0,177,5330134134636,1
2026-07-15 22:56,DrmtouGSVyNMpYTpR28UDzQS4xqZzYtFZaAXC8FBpump,burger,False,False,25.5,38.0,46.5,22.5,15,3,105,3771622074209,1
2026-07-15 23:02,3Crz6dCUQYH1dbpxnKeHEpfXP4bpAyQUL1dbtozbpump,Grokkybara,False,False,9.4,18.0,26.0,18.0,35,8,55,0,1
2026-07-15 23:04,FGUnxVPj8fWi1wYKWcKdpKTFZQ5Lp8UiyD9dxy9epump,CAPYBARA,False,False,17.2,28.3,39.3,24.0,8,2,70,0,1
2026-07-15 23:08,x8NtU6nnYDn1BwMDGg2oFdBuYBevhJ32kqM97FSpump,BULLdiers,False,False,10.2,48.3,58.6,48.5,0,0,30,0,1
2026-07-15 23:38,CeKPQBp2uHbKFFXfvMDp9QYUoA6PFeRQpuPW1uJApump,PUP,False,False,14.0,24.9,32.2,19.3,4,1,44,0,1
2026-07-15 23:42,GqQc4tjs6RkZt1EdsehKLZvNDTpZc9n3UHGxnbfNpump,BARRON,False,False,18.1,28.0,36.4,19.8,0,0,41,0,1
2026-07-15 23:52,A6FGkGeJMHucajk6xrj2HwqgJGopoju9ZEN5bXBEpump,Dilemma,False,False,17.0,27.9,38.1,22.8,8,2,214,0,1
2026-07-16 00:05,8weM5kskjcg5A8SpfSkJGPVhL9RpJ7Lsu1Hs8ghSpump,CHOCOLATE,False,False,14.0,44.3,70.7,59.8,22,5,109,1000000000000,22
2026-07-16 00:08,GhYbScomtGQmEafdgrd6szdZHU83iZJHkskvs9XGpump,TCHYON,False,False,8.6,16.2,22.6,14.9,0,0,20,3869028303022,1
2026-07-16 00:35,7igVyMjPY1rkKSjnihW9Z89VtRSG7dKUgdvT7SjevyfS,Gemini,False,False,23.8,36.6,44.8,22.4,0,0,453,0,1
2026-07-16 00:35,BwMmKCBDBBLtanE1i8M3D1iy49izy3BBo5iq34vUCrty,SBULL,False,False,20.0,63.9,87.1,69.9,0,0,32,0,23
2026-07-16 00:58,CV9dcP2D9hYtcnNtoHoY4NQEN9fYxfBbQN72wkd5pump,WIFARG,False,False,5.3,12.9,19.9,15.3,0,0,1363,1785358054908,1
2026-07-16 01:03,JBRyw453Uwi5hitesWGt17TYsJTaWTbFQjV9UNh8pump,EYE,False,False,9.5,14.6,20.0,11.5,0,0,271,4092790655954,1
2026-07-16 01:06,CbYfhffEmDrGQUzC2rhc3UF4j6neCtSCDzVmDT9rpump,SkibidiNigga,False,False,30.2,41.1,51.4,23.0,0,0,304,0,1
2026-07-16 01:10,6SkWURtM8HigcuLbTE4AzHMDfcNyTrHiCSJEH38Hpump,AUGUR,False,False,19.4,28.4,37.3,19.4,39,4,456,1,1
2026-07-16 01:20,66KL8iu7Unzq84JMQEHtateVXFLaZNcDd8JLRyq7pump,SHIBU,False,False,18.2,32.2,45.3,29.2,0,0,143,0,1
2026-07-16 01:37,3tpnT1YEdYWf2NkvPKkqgDYGdqK7quwVbGRQCAwJpump,HEAA,False,False,26.3,40.3,48.8,23.9,0,0,324,0,1
2026-07-16 01:44,CAMyTP53yapXHc9JRYiMKh9fGxNn7uQG2EoFsG5DoPYv,CAM,False,False,6.5,14.0,20.2,14.3,0,0,499,3941918406577,1
2026-07-16 02:18,93xdcJBG9VUtxE57McCLHNEYuKeneszjR8DugivQpump,sdog,False,False,25.0,36.0,47.5,24.6,0,0,295,0,1
2026-07-16 02:42,E1PiujNeKHyoWYhiMeDkp6JjK6oWL8r5YXUXDLo9pump,DEGEN,False,False,17.9,24.0,27.5,10.2,0,0,239,0,1
2026-07-16 03:17,DRhgZun6hRwH9ZuN8WnBqNg2o3SxGrPXdXh51XXfpump,bul,False,False,14.8,24.7,31.1,17.6,0,0,139,19562889735524,1
2026-07-16 03:48,2it43obQHUmfK4x8swUF8ncwPyRkCpb6CVU3tGefpump,RJ,False,False,17.8,26.7,35.7,19.4,0,0,351,0,1
2026-07-16 04:18,7dgJnmmfwCEn1XVmkvUJqq2TrbrscUTBSq4Bhwuapump,WorldPup,False,False,18.4,31.0,42.7,26.2,0,0,538,0,1
2026-07-16 04:26,BGoC16Rj2B6oxm3CYWoL1eu1BFc6jPvmpsoqVQudpump,BULLSOL,False,False,8.0,9.7,11.7,4.1,0,0,2102,0,1
2026-07-16 05:23,4B2KEcdFUEiMXy3NWptNXcEQe26CwHwsqRiS1ZRTpump,MelaniaCoin,False,False,8.6,17.3,23.3,15.7,9,2,1128,0,1
2026-07-16 05:39,ExCALBK63oJHxoDTgEPspKG7TFuhBcEgMv6YiyApump,VICECOIN,False,False,11.0,17.2,22.8,12.8,4,1,892,0,1
2026-07-16 07:10,4RDHEUabxyBV2yLRMBJjeJ6ERV6wmZGZHP1wXEeLpump,LW,False,False,22.3,31.8,40.4,19.6,18,2,391,0,1
2026-07-16 07:30,2AEuuDipca4mbqhQDS473GgeX8vA5S7d9voTm8hepump,BULD,False,False,9.4,16.7,22.8,14.3,0,0,686,2398168390646,1
2026-07-16 07:36,DzxUkQfyer2cziUMyUeN2AJpzUsyJzif7uUv2b7rpump,BADBULL,False,False,6.8,10.1,12.2,5.8,0,0,802,20122185228855,1
2026-07-16 07:38,E7vTVLLaxV3y68cpnDx2Q7ExeznhWgJKwPziKDsrpump,HOMIE,False,False,8.4,22.3,32.7,26.3,0,0,1937,0,1
2026-07-16 07:38,3v2ekTxcn6voD4RDzhwaf5z1VXFxGBxoUKEWZRfBpump,YUKI,False,False,13.3,21.9,28.2,16.0,4,1,664,0,1
2026-07-16 07:41,E7vTVLLaxV3y68cpnDx2Q7ExeznhWgJKwPziKDsrpump,HOMIE,False,False,7.7,21.6,32.0,26.3,0,0,1960,0,1
2026-07-16 07:41,3v2ekTxcn6voD4RDzhwaf5z1VXFxGBxoUKEWZRfBpump,YUKI,False,False,14.7,23.6,30.7,17.2,4,1,718,0,1
2026-07-16 07:41,2AEuuDipca4mbqhQDS473GgeX8vA5S7d9voTm8hepump,BULD,False,False,9.1,16.5,23.5,15.5,0,0,1070,2419717292810,1
2026-07-16 07:41,DzxUkQfyer2cziUMyUeN2AJpzUsyJzif7uUv2b7rpump,BADBULL,False,False,6.6,10.0,12.0,5.8,0,0,815,20122185228855,1
2026-07-16 07:41,GqQc4tjs6RkZt1EdsehKLZvNDTpZc9n3UHGxnbfNpump,BARRON,False,False,9.5,18.0,25.5,17.1,9,2,2908,0,1
2026-07-16 07:41,BGoC16Rj2B6oxm3CYWoL1eu1BFc6jPvmpsoqVQudpump,BULLSOL,False,False,8.0,9.6,11.3,3.6,0,0,6357,0,1
2026-07-16 07:41,ExCALBK63oJHxoDTgEPspKG7TFuhBcEgMv6YiyApump,VICECOIN,False,False,18.1,24.8,30.1,12.9,4,1,1205,0,1
2026-07-16 07:44,GYAJ4Y6dm4AXZ2wpoSBSNNiZz6UDASjSZ86z2oBxpump,YUKI,False,False,25.6,37.4,47.6,23.7,0,0,235,0,1
2026-07-16 07:48,HVRtNeFPrDcAA9Yu3WrTEdCsTLGJiYDiQbqjg3efpump,CUBEMAN,False,False,9.0,20.5,31.8,24.4,0,0,2180,0,1
2026-07-16 07:59,D6ytjMdBBPoV8nsRHJhvrkpwF7sgVBYd7PufkRHNpump,CASHCOW,False,False,13.0,32.8,40.9,29.4,0,0,332,129773083381829,1
2026-07-16 08:11,9HNRV5FoULAJzwrJsxDymoSh6LX1VT5HAnrzvXSepump,Imp,False,False,21.0,32.6,40.6,20.9,11,1,372,0,1
2026-07-16 08:14,HFmbKBN7fYCY2PPGYgwkvb7mAuo1v6cmWv1CPK6Xpump,BULLGOD,False,False,9.8,11.2,12.8,3.4,0,0,1231,0,1
2026-07-16 08:20,234QmeFjTKUaTAEUzYwMmFANg6BhmGXqrC4zemq3pump,GROOM,False,False,27.2,44.4,53.5,27.9,0,0,310,0,1
2026-07-16 08:27,HmPNi3NzWenGUVCRu7V6GhZvaribnqUio6DHo1ygpump,XOS,False,False,22.0,34.1,44.0,23.6,0,0,322,0,1
2026-07-16 08:41,He6pECrSVi123qabQJRiGEonMbBZ7e8PZ9NmUxKqpump,bet,False,False,20.7,31.0,41.4,22.5,6,1,245,0,1
2026-07-16 08:45,AWJkSP77HTYnWyWiBfRoK5nurwP4ApVw1YeEugmepump,CASHGOAT,False,False,9.4,13.2,16.1,7.2,0,0,775,0,1
2026-07-16 08:59,E56p8xUwYLRZLU75XvxEBpDAF4NKFdWBnJXimt3tpump,crashcat,False,False,11.1,19.3,26.7,16.7,11,1,766,0,1
2026-07-16 09:58,6wBj1aMxxhxc9wTpfxWKw6AACR4LP3wkaXHPtDpzpump,impcoin,False,False,14.9,27.3,37.5,24.1,0,0,361,0,1
2026-07-16 10:29,2WG2adv7FdJLRSBjnq2WKiuM82sJMiwwrcJH7h2bpump,ELONCOIN,False,False,12.4,18.3,25.6,14.7,0,0,333,0,1
2026-07-16 11:35,5yJgw6a8bb1nRsmEBr6vzX5pt6sQekzqG9nfmxqMpump,PROPHECY,False,False,18.1,30.1,38.9,22.3,4,1,565,0,1
2026-07-16 11:44,vG7eCzmL5i4HazbvM4m6vb5yB79i7JAUTaBGcJLpump,Himgajria,False,False,65.0,82.7,86.2,21.6,None,None,None,None,None
2026-07-16 12:33,Ge87EtsjwRQbHaqQmKRno69RFTwh9bfSsm99XNxTpump,Jimothy,False,False,13.0,24.4,34.9,23.7,0,0,323,0,1
2026-07-16 13:07,3LZL5cXac86U1ti81V8GEA1qoj3HenLfnJMcQo7opump,Yuna,False,False,10.0,12.1,14.5,5.0,0,0,2301,0,1
2026-07-16 13:21,6g4xqmqF1JtY8tgJhfqHta8cLS2hAzPwUFBVWfhKpump,GBOOM,False,False,16.1,28.8,40.1,25.8,0,0,320,0,1
2026-07-16 13:37,H1adbGC578HdoddVNAZT1Bn4uNrPiioTCfYmRjBHpump,Himgajria,False,False,80.0,91.5,94.2,14.7,None,None,None,None,None
2026-07-16 13:41,831LeMbAuATYi5p2ZA9R3j3LAFmUpk9pdU16QCmRpump,Peepo,False,False,23.0,35.4,46.8,25.6,0,0,234,1,1
2026-07-16 13:43,2T3E7jXbSyTGXjoDL92ZkwfEL91izW7BsNQgLXg2pump,SHELLY,False,False,23.9,36.2,46.9,25.0,9,2,314,0,1
2026-07-16 14:27,DE4oaiuGp6Uh6inkFmufquJzpkdJ9NuH2SwPBQBfpump,PIXELCAT,False,False,8.0,19.2,26.3,19.7,77,7,1714,79519933268866,1
2026-07-16 14:32,HbPk9A3Ho3QTQhgiFwfjWZQZWXr46w31q2Rm9VTJpump,Yuna,False,False,10.2,50.6,61.0,51.0,0,0,1073,0,22
2026-07-16 14:59,3QFvseNX1Fdkc6SZV4AT2BfSDvMUH4xQDY1H7TbPpump,MAXHBULL,False,False,10.1,11.5,12.9,3.1,0,0,2801,0,1
2026-07-16 15:14,FRbunKPBKLbbnzKYkVuAYy7HdJzqw7YXpwSmuSjppump,BITBOY,False,False,9.8,21.6,29.2,20.7,11,2,972,0,1
2026-07-16 15:16,Gu1RiujbUoL9HA6mGEtaQ5Ji53XgMH45KroQMQ2Hpump,HODLER,False,False,13.5,24.7,35.8,24.1,4,1,369,0,1
2026-07-16 15:38,CM2edFRVwAsNbCXrr8fRJ7VeuWE3Htcchcpvk6L7HCB9,REROUTE,False,False,20.1,30.9,41.3,23.2,12,2,286,0,1
2026-07-16 15:44,6T2ZwnUXfsUaXqCLo5wbDv4dzNduhAMxDPBrjz5Qpump,Goonnite,False,False,20.0,32.4,42.8,24.6,12,3,239,0,1
2026-07-16 16:03,wscbjwA28nago5X5MLhhmu828n76zczRserXB9jpump,VICE,False,False,7.8,19.9,24.9,18.2,0,0,642,51929551596,1
2026-07-16 16:29,AApJw9BntbC1RCdANkXHwmRpGxZLzDY1p81hcxkYpump,SOLdius,False,False,12.0,19.3,25.1,14.0,0,0,70,0,1
2026-07-16 16:38,98UYfFK6VFNTpv2Hp7NYy4yLdzvCfcpv69TuJgYdpump,JARED,False,False,20.1,58.5,83.1,64.4,8,2,28,21087879904093,23
2026-07-16 16:56,93jWHmmupkLoMsYXAh9QnHDgF8nfNVbPyGKKTq2Cpump,BOOMER,False,False,21.5,30.8,37.9,17.5,4,1,124,0,1
2026-07-16 17:31,Ez5vJWA4s6FZCDvXxC8GsJiNbBYo5KHtt9spo2QSpump,CUCU,False,False,25.9,37.1,45.9,21.4,0,0,204,0,32
2026-07-16 17:38,Egz4fxsA4RzjguJ1CngZwZodeuzsjtYurVVXyncfpump,Data,False,False,22.8,33.2,40.6,19.1,0,0,380,0,1
2026-07-16 18:11,hVcXUouyk4LQ8RdLFWqbKm3yWC6aaNwiTYPj4JbwVuw,APU,False,False,14.6,21.7,27.4,13.7,8446,5,5941,0,1
2026-07-16 18:22,BzmQeA5oijMYNGffYaKBcAbcmw1FdfpQXdsPNjwzpump,Patrol,False,False,25.2,35.7,46.5,23.3,4,1,105,0,1
2026-07-16 18:35,71TKvknpvwRcjdoYPngxw6895yeidY24nY8eJnHCpump,SOLCENTER,False,False,10.1,12.0,14.3,4.7,0,0,1278,0,1
2026-07-16 18:45,9FP3GWJaU2FBywYphETNuypCoVyP4g4bZaC3xBkkpump,BLOOM,False,False,19.0,54.9,69.2,51.9,0,0,48,85311726830685,21
2026-07-16 19:11,GoFJ78jZsPhk3i5dyy8tmbpf4c6RkvRD6Vw3sUPfpump,Earl,False,False,25.2,36.5,45.2,21.4,0,0,171,0,1
2026-07-16 19:19,2XmV6Jk6ATzKCnVB15cnPHCCF9o4Kn4PXvVFk6Rppump,VISACOIN,False,False,10.7,33.7,41.2,30.9,0,0,1173,0,1
2026-07-16 19:26,GGE1WMXS6aYbH4EVdGcqMiyYcZuPDFE6YJC6Fo95pump,HIGH-T,False,False,23.1,34.4,45.4,24.0,0,0,133,0,1
2026-07-16 19:45,Hz8Bq1d7KwuxG45ob6SZ4PducyBn1oPsw3wmL6zzpump,WAZOBIA,False,False,20.6,48.3,56.9,37.6,5,1,336,206467222547942,29
2026-07-16 20:04,7NmbCaQpjpTcze5bmvWWJPjiaXMjHnLNYj9vJBG5pump,BOBAOPPA,False,False,79.3,85.7,89.2,10.3,None,None,None,None,None
2026-07-16 20:04,AaeRR63ihifBE6h9TVH9LV8tnN6u68ewHXHrJoRP5DZJ,GHOSTI,False,False,65.0,72.2,74.7,10.1,None,None,None,None,None
2026-07-16 20:19,Fu9x3VvrNwgbfr2VBqNLuVadrzDAXpHL7ij1Lxynpump,ALONBULL,False,False,19.9,36.0,54.1,37.6,10,2,34,35602958225171,1
2026-07-16 20:25,AuaQ7umt6YTNU3gUESS4JGzkNycGAZEW2r8nJx2Xpump,银行,False,False,26.5,37.5,47.9,23.4,0,0,290,0,1
2026-07-16 20:36,3YudidgEnPyMekuUCDEUf79MPqce8FHWF4ZSBV64pump,CASHBULL,False,False,12.8,23.9,37.2,27.0,18,2,169,0,1
2026-07-16 20:41,3sCAvRUZdijyVhMmmUP9L3okEHiw28XAafS7ZtWypump,Jimothy,False,False,7.0,9.0,11.4,4.8,0,0,787,0,1
2026-07-16 21:05,G1K4L2nWmwz9s4k31adUKvMaRRYyf9jrkvsrtc7spump,BeastBull,False,False,8.6,10.3,12.5,4.3,0,0,2439,0,1
2026-07-16 22:02,6VeWzwfEbrsGhWtkZXvcnQn77i1wqnah1QBzPMddpump,BANDOW,False,False,10.8,19.3,27.5,18.1,0,0,474,4640992690716,1
2026-07-16 22:06,BxHrRmzfnKDpstQRzfLa65NkAj4n5aG4XMqBADEBpump,ELONCOIN,False,False,10.7,16.6,23.9,14.6,0,0,1347,0,1
2026-07-16 22:07,4Dv33bQXRpqNPJ64FkUDBUbwJZbSyRE6VZZNssm6pump,ASCENT,False,False,10.0,18.4,24.7,15.5,0,0,707,0,1
2026-07-16 22:08,6PS6MdRgu3GdfL1ZW25v9xqVFhjBQYLf6yXEndpwY1ko,Eagle,False,False,12.4,21.4,30.9,20.0,0,0,880,0,1
2026-07-16 22:31,13HepzvpuWLnNsHtTVjRfcuymjdtyXPfzCTHLxBVpump,$MEMETIC,False,False,7.8,10.4,13.5,6.3,0,0,701,0,1
2026-07-16 22:35,PpvLytLLGE5S6uTtb3nXDgXdaspTkehdrbo46Fhpump,BarronCoin,False,False,14.6,25.4,34.9,22.0,0,0,577,0,1
2026-07-16 22:58,2agcQWJftYzYWJNDW4BPok1RKL1xVqpDJtT4SSVVpump,CS,False,False,45.0,57.6,62.5,18.5,0,0,575,2521154321969,1
2026-07-16 23:00,8Wo49HqwmzC6YzvjN1244pbDU24eua3YKGtTQpdgpump,pls,False,False,17.0,30.2,40.6,25.1,0,0,419,0,1
2026-07-16 23:15,83EME7DGqczkZbe4FAeUzvtNidjXcJYVVPKLfUANpump,SHIBULL,False,False,15.6,21.6,27.8,13.4,0,0,244,0,1
2026-07-16 23:30,Gd4rirGAUpxcKWeE33eEjMAqSswaXbreegQVAkSjpump,Soot,False,False,23.0,37.3,53.1,33.1,0,0,90,0,1
2026-07-16 23:47,GLTcxcu9yRiqxW7dY1i24XvDKbua9RF3RnzzQHK3dBw2,GLITCHTBL,False,False,12.2,19.9,26.9,15.7,0,0,598,3520371073923,1
2026-07-16 23:59,7tsiSR4b774u1prqAxfcWKgfQYavCDNBwK3xyYG8eR3F,SharkCAT,False,False,15.6,26.8,38.1,24.5,8,2,258,0,1
2026-07-16 23:59,A9KQxdob354kbhkNT8zhvALD4yNugNhvKuKp3wwSpump,24,False,False,25.3,38.3,48.2,24.6,0,0,217,0,1
2026-07-17 00:06,5eGmsnMNjRQpRPHwfpXCTrAa4f2bVW4xyxaoJF4QzkGc,GAIN,False,False,83.4,88.2,88.9,5.6,0,0,150,0,1
2026-07-17 00:45,BhU7rjLSvxKw2gCLzx1LV7J6Y4eXwsjrS24ebPBJpump,HORNY,False,False,20.2,31.0,40.3,21.8,0,0,157,8472299693551,1
2026-07-17 00:46,Hq2Rk3pYN17Jz1P6ejZbMAAuLKhw9sZEJ5uacqfnpump,bullieve,False,False,18.1,24.9,30.9,13.9,0,0,241,0,1
2026-07-17 00:59,GTJpiZaCqapCcu5shdZq8D71dQJcyXad8BZadXeTpump,SOLJAK,False,False,13.1,15.9,18.8,6.3,0,0,436,0,1
2026-07-17 01:19,SoUDeoECp6TFAiZ6C4wuERe3KtGDWxQjCxFT4Hvduc5,SOUND,False,False,10.4,18.0,24.6,15.2,0,0,478,3568705281395,1
2026-07-17 01:33,E5tTXt6QLLhKJxHuKoCXA6vkAQfScRacL1UK2H1Cpump,MOON,False,False,19.9,29.4,36.4,17.8,0,0,117,31330458693453,1
2026-07-17 01:39,HdghDDxvnebzWBXDgqYh9Vw5hfKRRUYGj5uJR2ogpump,Incum,False,False,25.5,38.4,48.5,24.0,0,0,355,0,1
2026-07-17 01:49,CnXZEuUU2jBshGuY6xxWASgX84QPhFuFS8yYWPgSpump,ANSEMCOIN,False,False,11.1,17.0,24.3,14.6,0,0,1398,0,1
2026-07-17 01:56,BBSEsu4v5wR9h2HsnxPbVJuCKsRe2Cx77c598dKbpump,Bullish,False,False,29.9,45.3,50.3,21.2,0,0,236,568919053798,1
2026-07-17 02:17,FpZj2FWJy3wJHH9VJwU7MqpgvK7qLBke1GjxnrVSpump,Datacenter,False,False,24.7,36.1,47.0,24.2,8,2,909,0,1
2026-07-17 03:06,Hsrc16T5cFWgwH2PSEqcYACkHpLHrEHdm5Z1sU2pump,WorldCat,False,False,28.0,40.3,48.5,21.9,0,0,388,0,1
2026-07-17 03:20,HzEfdBMfQaV74JSjoVsDEKJyQ1ALbkg2XDQwhsLMpump,MEMETARDS,False,False,17.4,27.3,37.4,21.8,21,4,317,0,1
2026-07-17 04:05,A2hqkCfQPgtCJUUpyugeUatXGCgSsKJBdGdWiqPipump,ACT:S,False,False,14.2,22.6,29.3,16.1,4,1,971,0,1
2026-07-17 04:56,7R3762A48ikn4u7E9xzNfi1Jm22EZwwXxYVdUsaSpump,MORT,False,False,25.8,35.5,45.5,21.3,5,1,300,0,1
2026-07-17 05:01,2SPQDWYw34FxvfpuA522g46ozZhwpbto5nyGU4u5pump,Toly,False,False,12.2,21.0,28.4,17.4,4,1,928,0,1
2026-07-17 05:22,DQp31TriVnskYwgJJdz8eeaFbTAJ8MfGeX6a8bFzpump,Alon,False,False,23.1,32.6,40.8,19.2,0,0,235,0,1
2026-07-17 06:05,GsmPXAxBQ1yJXP9Xb128BCe64neGroJr5s15FbREpump,USDC,False,False,24.0,33.2,40.3,17.4,31,6,413,0,29
2026-07-17 06:24,6yAdLD4ArfZWZqj8e6fnDiGe3VMcVsXhpR4K1Qtzpump,TrumpButt,False,False,24.7,37.0,46.6,23.6,14,3,392,0,1
2026-07-17 06:44,AaqA4oEaE48UjuPCfNPNVMWvex7fPuqPFodYiTABpump,TOLY,False,False,7.4,18.0,27.8,21.9,4,1,703,0,1
2026-07-17 06:59,9muPvb34oj6PTBj8ygBBYYu2Ley76gJSvuSjUGsHpump,COW,False,False,15.3,25.2,34.8,21.2,16,2,471,0,1
2026-07-17 07:44,EVbXayw9HEmhuRcaQVoTCiHiCeEtM39Bw9TfeVmrpump,KYLE,False,False,12.4,18.0,23.0,11.4,0,0,717,0,1
2026-07-17 08:14,GziZGRmvh9DMfwtc3qfFScjCW7di5wuqFNbnSQ3Ppump,Solcat,False,False,25.6,36.2,45.2,20.8,0,0,331,0,1
2026-07-17 09:14,EuxnLBzTT1UdcjhffBT9JRQoquHKsxMYGWwUKF4wpump,SOLANA,False,False,19.5,31.6,41.8,23.9,33,8,623,0,1
2026-07-17 10:00,6Z6qeAuA45G8RrxG7hjZVdPHn1rNHtedJy9WAXg9pump,Tilly,False,False,22.6,32.1,41.1,19.8,0,0,219,0,1
2026-07-17 10:06,itQeBVnCY9U2fUwrKSi7D2Xcq46ZMaKsPfacmxJpump,URKL ,False,False,17.4,27.0,34.8,18.7,None,None,None,None,None
2026-07-17 10:06,DGmn9wHxiPLPUgS5Ni7dje8RVtiKNaMiDzbYtZs9pump,RUMP,False,False,20.4,31.4,41.0,22.3,None,None,None,None,None
2026-07-17 10:38,CZSJaDpGigeprcSvdmtq3ePQPo3ZNYJeNoEvMDxBpump,MENSAHOOD,False,False,6.2,13.1,19.3,14.2,0,0,451,631922567100,1
2026-07-17 10:59,7z5KZpYj7BEnGKGCY3kDkaX32ueBSNp8QjvFq8Lxpump,旺旺,False,False,16.6,29.3,39.2,24.3,0,0,429,0,1
2026-07-17 11:20,GrKJPe5MeSVkQ9wLuLBCbpBeFQqdWxh7TqzEPTpepump,ANSPERM,False,False,3.6,10.7,15.5,12.5,0,0,2417,0,1
2026-07-17 11:26,HtuCPcNuuEMuoTSBAFfyFRvu3BzJ3kRgr5WiWQyZpump,WangWang,False,False,18.7,30.0,40.4,23.4,0,0,278,0,1
2026-07-17 11:26,rkbX3fimkB2fPBKopYkSx82xSuWdUbNBuNuw7efpump,GOATBATH,False,False,6.9,10.6,14.2,7.9,0,0,2349,0,1
2026-07-17 11:47,28gQxqbtfeR1KrBJxJm9ABRp1oR5svpo27Siqtjgpump,RING,False,False,31.2,40.1,47.5,17.4,7,1,442,0,1
2026-07-17 11:51,7YCTXLpRn1zSgfU7o99RsyCnu7B8vUJAs9HxXKvMpump,Wifout,False,False,17.6,26.4,33.6,17.2,0,0,498,0,1
2026-07-17 11:57,5rnhCX1oqY4wDEJcsrgpjvzTE2a39hpLaqSgZkou2t1r,ACCOUNT,False,False,11.5,24.0,35.9,26.2,8,2,301,0,1
2026-07-17 12:11,4rLx5rzCp4Bb8Zvz9pQECPzPTKdJQ9p8arKMTh22pump,CARDCAT,False,False,9.3,17.4,24.4,16.5,53,3,1345,39774757137891,33
2026-07-17 12:21,FzNgpR11RYACasA8ptFniXQKcLw26CmBWdyNEAU1pump,TOLY,False,False,9.4,45.4,55.6,46.5,0,0,1053,0,1
2026-07-17 12:32,3XhARh1nQiwGZLwAD8YyKhfZKVHaG8t3VzsRSejZpump,TABLEPEDE,False,False,8.4,13.8,18.9,11.5,0,0,462,0,1
2026-07-17 12:43,BjSuJWSxpHaH8wJgvsa5ZvuLwFJaHt3bpVBGJ8Fpump,Buyuang,False,False,26.6,38.7,50.4,25.5,0,0,302,0,1
2026-07-17 13:05,DFYCn26mKEJh5G7Zz2L1dqeunvr4VUYFCNhokMJBpump,PUMPINDEX,False,False,23.6,33.0,41.1,19.1,0,0,421,0,1
2026-07-17 13:26,BdmmbhuqmMcswTCpP5Dy9H6E87ZqDMULVAWdzu4ZhqTS,Quasi,False,False,18.9,31.3,40.8,23.2,7,1,250,999999,1
2026-07-17 13:29,8TQAPEgP8jcWPeLTiQhFCFtPYwKhpjRvTngoPAmjpump,BULLARMY,False,False,10.0,22.3,29.7,21.0,0,0,5150,0,1
2026-07-17 13:43,6dMydAmqtLsMtn9WZQW7stGqs4VkZ79pFPP1vbnApump,soltoly,False,False,9.8,11.0,12.3,2.7,0,0,2641,0,1
2026-07-17 13:43,CmoCuZ9J2YT1QHv28p3QRphhZot6Sdbu6P6Aw4Vmpump,SOLians,False,False,8.7,17.3,22.5,14.4,0,0,1456,0,1
2026-07-17 13:44,8j5kzfckhzMSeeSM4kv4rGR2Ab4qDCZsd29aSrs3pump,Penguins,False,False,31.1,42.6,55.5,26.7,0,0,203,0,17
2026-07-17 14:35,GxGpZwrKUqiY5Jj8X2jUrifycPiMqxSPiLjWXZZDpump,JOHN,False,False,8.8,16.5,23.7,15.7,0,0,720,0,1
2026-07-17 14:38,HF7FU8xM4SrAKU7pCkJmNkWYW1yGtanQSQntCu67pump,CAVIAR,False,False,11.4,23.0,29.8,19.5,12,3,886,0,1
2026-07-17 14:45,8CigWvuQwpEDNdUZJDwVN38MkiU2NwxQUhRAKmcZpump,ARROW,False,False,7.9,14.5,21.9,15.5,52,2,1514,1297713764357,32
2026-07-17 14:52,8Uw5um5dtKff3U99aSSyR1u76LsdbuQhiV5rqXQ1pump,xstream,False,False,20.2,31.1,41.0,22.6,0,0,215,23946589338,1
2026-07-17 15:24,6weTzoLKhoYGChmkhotrJhNKwZdB8TWBG7XG3qmGpump,BISCOTTI,False,False,11.9,23.3,32.1,21.7,10,1,770,0,1
2026-07-17 15:26,C39QjiBwdA1y4RNAKYZAksNE3dX65kYtEBEStLkkpump,BISCOTTI,False,False,26.1,38.7,52.4,28.7,0,0,136,0,1
2026-07-17 15:35,BhY9LxyTErTKY6tvi1TVSn4BP1WJGi2DRsfzKq8Bfv6s,BISCOTTI,False,False,27.5,39.9,50.2,24.3,0,0,359,0,1
2026-07-17 15:46,3xrF2p1fUhmy1hoeyN8vY1WnBPeBy9WAK8em8mLUpump,flipcat,False,False,19.1,30.6,40.5,22.9,0,0,296,18225161025,1
2026-07-17 15:50,CsGkrnQJQp1eCNwxQ6yKvbiEJA8MwoL8CmXYySy5J7HM,PEARL,False,False,90.0,98.3,98.7,8.7,0,0,125,0,7
2026-07-17 15:59,9uT7rob8TKKnzvxqkD5nj9UMw16ZPJByEW37pMcHpump,iCoin,False,False,24.4,35.8,44.4,21.4,0,0,384,0,1
2026-07-17 16:28,5jCeq3Ai6LSgXsx8kw47DYsWyYbgYMEmgj4ucDiApump,SOLY,False,False,21.4,33.7,43.8,23.9,22,5,332,0,1
2026-07-17 16:39,5aAkpiVsWCUkyMKV4vZKmtdfAUQWiq8LyWeWXQSnpump,Fomoians,False,False,22.1,35.1,50.1,30.7,24,3,216,758646082215,80
2026-07-17 17:16,yNP1DEES1G2FHo9bhWGTD2HyB21pUJCx23cfSkzpump,HELIFAN,False,False,7.7,10.8,13.8,6.6,0,0,2786,0,1
2026-07-17 17:29,H1zxp7xjoPdYe5q1djjSCr2A7sJ2pcxLoND5Zr1upump,BULLDOGE,False,False,17.2,24.5,30.7,14.6,0,0,619,0,1
2026-07-17 17:33,AZ1fowC7PCS4rKJCY7UFuDqwvGNRRxzJj9BQxiHfpump,HOUSEM,False,False,7.7,14.5,18.2,11.0,0,0,1689,0,1
2026-07-17 17:44,4gEW7hD7ToAbRaw6YKoo969oLJtVZw6pcjDCr2R8pump,Goated,False,False,7.0,9.6,12.7,6.3,0,0,1140,0,1
2026-07-17 18:15,AanSQT7G6JSnyAeiSM5RzVgraAjve63UYBqbSQJypump,Bison,False,False,14.5,24.5,31.9,18.6,0,0,1519,0,1
2026-07-17 18:22,967Yg66zkKtgdQVEuw1EaFKtXGS8k5XKxjYCvjqipump,PUMPFOMO,False,False,9.8,11.1,12.5,3.0,0,0,2896,0,1
2026-07-17 18:38,5cbSUNRN3CaH7ZB7Su3Zotrr7i6HucHDPdPjHcetgmB1,MARLIN,False,False,24.9,35.4,44.3,20.9,0,0,1206,0,1
2026-07-17 18:45,G9gV2gRGZ3jCxAm5E9JrGiU9XZXnVxV52sFkUZDJpump,SD,False,False,18.6,36.7,45.9,28.8,4,1,924,0,1
2026-07-17 18:48,DgQ4VKtHdBYSwoiXUNsU96poTD7GcsWViDtoKPBopump,HATCH,False,False,16.4,27.0,35.9,20.8,0,0,1623,0,1
2026-07-17 19:07,AjBgThd5o37Q59sCw4AkQL7oRKo39APNGvCYiNvgpump,cope,False,False,11.9,21.7,28.0,17.1,11,1,1478,0,1
2026-07-17 19:19,BQDTXj9bvYRY9hksEmnXVMxsPu5VwFDW3bwiXpiDpump,Sagawa,False,False,18.1,28.3,36.0,19.0,4,1,1338,0,1
2026-07-17 20:31,ALXJvJnvdSea92n9ooShFWkgbrQTyES1rkYHpHdmpump,$EVERY,False,False,7.2,9.2,11.6,4.9,0,0,1132,0,1
2026-07-17 20:35,4WfoYERYFw3AQWc3MiJz4H8YScu7sbGFoSX7xCMepump,ANSEM RAFFLE,False,False,10.0,42.7,52.3,42.6,0,0,1005,0,1
2026-07-17 20:57,8BJSxLkwBLdg8Bnb52NVPh4vew7jPne1HwcNQotRpump,BRIBE,False,False,24.6,36.1,47.3,24.7,0,0,969,0,1
2026-07-17 21:46,82Rc6pMQrrnwfQiWLSET4gvnsCvYbZeFZvy2RbZFpump,nothing,False,False,21.6,33.2,44.0,24.3,4,1,1167,0,1
2026-07-17 21:52,Fe25x8nkw1gfmM2aAVLSHedWu27nuzJ6vpdd1uASpump,NOLAN,False,False,23.0,32.8,43.3,22.0,4,1,798,0,1
2026-07-17 22:12,FfEiAUtBPaA3NYahaifSx7rmvuTeH3z5DSuVX337vMxB,SUE,False,False,22.4,33.7,44.3,23.8,0,0,732,0,1
2026-07-17 22:26,DmPqKSNADETxdNcmy9u3hTi8NUWKa2KFff3sprn8pump,EMOJI,False,False,18.8,26.4,33.2,15.7,0,0,795,6588342990,1
2026-07-17 22:45,CYTkjfnA5ph2eWU1CTwKnsvKRw1bnCo4bVVGTsdXpump,ANCOON,False,False,13.2,23.1,30.3,18.3,16,3,1523,0,1
2026-07-17 23:00,AXkXDHko4JHe1PHrgRmDG9TxUxNRFfQnY4d562RYpump,Jimothy,False,False,15.7,28.4,41.3,27.9,0,0,687,0,1
2026-07-17 23:07,6hJ8NyjpgRv2Dvur1jwsQfkNqynnghTsLpEP5cjEAmXd,IVY,False,False,20.6,33.7,46.0,27.5,7,1,580,0,1
2026-07-17 23:11,H66JtYQdhdFayyTNYer6KNhhLVdqfopYqqQi57d4pump,Faith,False,False,14.7,23.9,34.0,21.2,0,0,533,0,1
2026-07-17 23:37,38KndZkopxr8qnq75sLc7EexoUZPWn1mE8pkV1Cmpump,BULLKING,False,False,11.7,31.6,38.5,27.2,0,0,1237,0,1
2026-07-17 23:46,FNQC2JgywMJKd43PopHXBwSPrR6qKGYj2KhtKqp3pump,BULLCOON,False,False,18.3,24.3,30.4,13.2,0,0,527,0,1
2026-07-17 23:51,7tPJTAtJ4bGoTB9pYiZ38qK33CH7hv33mvQdG4j1pump,ANSEMAN,False,False,15.0,22.0,28.7,14.9,0,0,560,0,1
2026-07-18 00:24,CZdLsd63z5YdvK2DebtApnrY9sT7J49v5zQuuKTMJ8q3,SR20,False,False,14.1,20.5,26.1,13.0,10,1,2180,1,1
2026-07-18 00:29,6PkDr62LVXDLajbqi2P4PUkxHy5CQsENx3fNXLN4pump,Ricky,False,False,15.9,25.9,34.8,20.5,0,0,932,176596387645,1
2026-07-18 01:03,TDvCS4vGZEErVuRfhUenzFnyodveAhEQURzwwQ5pump,ELON,False,False,15.4,28.9,38.0,23.9,33,8,1447,0,1
2026-07-18 01:11,c5Zye8yFd1AGrSJ2mViYgXWa1kgCdCj5RWhen6tpump,土豆,False,False,11.6,13.1,14.9,3.7,0,0,1523,0,1
2026-07-18 01:36,GEg3E1dPotfUSxEm6ft1NF8dT211YCibHJRcDtGwpump,YMIR,False,False,9.5,13.5,17.6,8.9,0,0,865,0,1
2026-07-18 01:53,7uQdzzC52eCnGwsiDBwRmKXxHRTnxKs42W4BXJmvSdPF,WOLVES,False,False,22.4,42.4,54.7,34.1,0,0,300,0,1
2026-07-18 01:54,3qMYDDv7Kzkz5Na9dvWkfqYWW9xTNTwqePKWRJhSpump,WOLF,False,False,19.7,29.5,36.8,18.5,0,0,1391,2116650280,1
2026-07-18 02:16,CMNDT7PK5gHY8ZknhzEC2Q7UMDs2b7LT6c1eX7Kepump,sanic,False,False,22.8,33.6,44.9,24.1,5,1,412,0,1
2026-07-18 02:17,Cki7ZSn9BZEX7cfTaeo7hKBuXmCizcLDXGPkr1cpump,PASS,False,False,25.1,36.4,48.7,26.0,12,2,681,0,1
2026-07-18 03:25,DUkPWeopcTygyMYM6K3qtzfXVD9fUeRAmuKM8inypump,NUBBY,False,False,24.1,34.1,42.8,20.4,7,1,1001,0,1
2026-07-18 03:31,74fkPhNC3LTxqtdkJST26Mzhzpc2yu2XteVTcjFjpump,JIMO,False,False,14.8,28.0,42.7,30.5,25,1,164,35659304665113,1
2026-07-18 03:32,2yWRyjnkXNvUxU73ASu1Exbm2aKEyNhShcT7NXv9pump,DOGGO,False,False,18.2,28.7,40.0,23.9,0,0,455,0,1
2026-07-18 03:48,FGeHJHsJvwNPcmPL1Si6vcU7C9TyAQMfXRUozW2Nr4Zw,PEDRO,False,False,19.4,33.9,44.4,27.0,4,1,580,0,1
2026-07-18 04:22,2uW6qSx5qixb6GtUzL3UuaM11K6tQ231cwiPWLSvpump,JIMOTHY,False,False,23.0,32.8,40.5,19.0,12,2,1265,0,1
2026-07-18 04:57,DBa7KFfVdCWrTVZToQEgcWQXTNwgu29uUJgyaPugpump,Armstrung,False,False,25.4,37.8,49.4,25.9,13,3,1253,0,1
2026-07-18 05:45,3ME1VBnWV6qdCSrKNndCqteS6LHRoM4nFcV99AeHpump,Pedro,False,False,20.0,31.2,42.0,24.0,4,1,541,0,1
2026-07-18 06:16,EcuYdxqxFQgcfzCjoUUH7yYgFiz6DPdeANSbKfXTpump,TIGER,False,False,10.9,24.3,28.6,18.5,0,0,2529,0,1
2026-07-18 06:31,A5RNutLXS17ECqhtWjgCThbgRvhMrQo9Aoiq5EVQpump,JIF,False,False,24.4,37.7,47.9,25.3,4,1,1103,0,1
2026-07-18 07:06,DpTtRHY6PSuxxJEjdd2NGW22F5JgP8WmWYBK48jhpump,JIMBULL,False,False,9.8,11.7,14.0,4.7,0,0,2393,0,1
2026-07-18 07:33,jf354X99CNN7kqVZEGGsiSTh7ULDdZxxCz3ogQVpump,DP,False,False,22.4,32.7,40.6,19.7,4,1,621,688906420485,1
2026-07-18 07:53,AKH4XSXMwRXaT7DhCRaPmiKEyfA1e4NK3ukhdnTFpump,Resilience,False,False,15.0,23.6,30.4,16.6,8,2,1567,0,1
2026-07-18 08:09,2q4nUEEXQQsKARjJffeF3o7GrevHq3mvWXo6g3fypump,JIMOTROLL,False,False,9.6,10.8,12.1,2.8,0,0,2538,0,1
2026-07-18 08:34,3wwU3njdLCT3ebRUrTFeHwKG6zamiiCKwmpShSK2pump,Mouse,False,False,14.8,23.4,30.5,17.0,9,2,1139,0,1
2026-07-18 08:59,3Ysju1AoRFw8okxHRC2f7bgSWZbHJEoTZPgSF4ukpump,bandit,False,False,23.6,36.2,47.6,25.4,8,2,697,0,1
2026-07-18 09:07,CKkuaqSiezUfHesGPTgiAdSGtYuxcEEjBxbCmiNgpump,Granular,False,False,13.8,25.2,33.6,21.2,0,0,1591,0,1
2026-07-18 09:36,WxN2LrhDyrGE9GqBuaLMbHMQdYwPm9p8LrDXzSBpump,JIMWIF,False,False,16.7,30.8,46.2,32.5,15,2,221,29170341406521,1
2026-07-18 10:05,7xZNcKyyv67r7HXoaguFjL79r6xmxgHxthukkdy7pump,RFO,False,False,24.5,37.6,47.8,25.1,None,None,None,None,None
2026-07-18 10:32,9vFdWXxKvjVuUR93DF1cdVE759StTrptfqKFcd2tpgXS,GONDOLA,False,False,17.4,29.3,40.5,25.1,0,0,642,0,1
2026-07-18 10:45,HLmz1postTUtuCo9CuBTm1QPbsRLxbJkpB4cF4Mspump,Elonothy,False,False,16.8,25.7,33.6,18.1,8,2,1065,0,1
2026-07-18 11:11,BfgGdykof78YmChgWYv1pbcyNVxEwvZFkQaRtXhupump,dilemma,False,False,18.6,50.7,61.8,45.2,None,None,None,None,None
2026-07-18 11:52,FeWGwBbPuezQo4wRWnx6q6rKpWrpEjAaAaLY7NNMpump,Protector,False,False,14.2,22.5,30.7,18.0,0,0,1123,0,1
2026-07-18 12:08,DLz4bLgo72D8QCpVLwJ1QVL7MvFxX2wq3diiW5ESpump,LILBUB,False,False,21.8,31.7,42.6,22.8,0,0,627,14442764701764,1
2026-07-18 12:10,9pFF88de4KRpfSs7DGja7p3n481m53uD1FxHajzGpump,Dolly,False,False,17.4,27.2,36.2,20.4,0,0,1076,0,1
2026-07-18 12:36,DEWqTMzCTpgWB25geNJpMsnwuahTWKQVKUc75qKKpump,RUDY,False,False,15.3,25.4,35.2,21.8,4,1,975,0,1
2026-07-18 12:43,8CXQ9D7X3rQAWYHRWcWQjiSwauo8myTTcuvds97ypump,UNB,False,False,26.9,37.8,46.9,21.4,0,0,755,1,1
2026-07-18 12:44,BCyMw2vvmzh9fB6GQ4LaQ6poqrP4qTrPkYDops2hpump,Index,False,False,13.7,24.0,33.9,21.8,0,0,1031,0,1
2026-07-18 13:10,5rJms2XqiA1kGMXGNm8mZ8urSwiHDTi6pGJ3nhmYpump,Charlotte,False,False,18.6,29.6,37.9,20.7,0,0,960,0,1
2026-07-18 13:12,EDNvjVDjKVfRsqxf3C8nN2sunxctfoboE2S8aUHGpump,JIMOJAK,False,False,12.4,14.1,15.4,3.2,0,0,1323,0,1
2026-07-18 13:17,FBVdQXbpvt37MPs3rvdEkKRoLRaU5FqSdLQ7nEFJpump,Charlottes,False,False,26.3,39.2,48.7,24.0,0,0,1029,0,1
2026-07-18 13:58,C916Q1f9yP3UDswk73tpokA1ts5r88DVQ8RKb2jhpump,wif,False,False,19.0,28.4,38.8,21.8,0,0,475,0,1
2026-07-18 14:05,DnmhiZeYkZxCy1UzN2MpsGg4jip8sDav4nREdfthpump,Birdie,False,False,15.7,25.4,34.8,20.7,0,0,1084,0,1
2026-07-18 14:23,H6aogUVXP5yQfByT23ARBDteHbzXRmrcNj4LWDhApump,JIMOHOOD,False,False,10.0,11.0,12.2,2.4,0,0,2865,0,1
2026-07-18 14:35,2GuvMWJpfNBXdZQZVGEWLV1Dx8qfiLKHHoDDfe4Apump,NUBBY,False,False,10.6,40.9,49.7,39.5,0,0,1386,0,1
2026-07-18 14:50,5fjVdV3yXKLUVqnzqtwSbD67vaAskaLPhJXvbsgLiCPW,jacaré,False,False,25.5,38.4,51.3,27.9,0,0,566,0,1
2026-07-18 15:01,76F92R6j9T6ECoqrEnAce2bLcuxMf1zBLTrSXREypump,SOLarmy,False,False,10.8,18.2,22.8,12.5,0,0,818,0,1
2026-07-18 15:10,AArDhLjDR3fP4oNKaREMwvXvFiBMPR98hPsQ2dzspump,POPCOON,False,False,19.1,24.6,30.8,12.9,0,0,529,0,1
2026-07-18 15:11,81RGmig32prYbxf96YnhrhRpm9G1YP1igfxttjzUpump,Tobi,False,False,17.6,31.4,44.5,29.0,0,0,734,0,1
2026-07-18 15:22,QFupCpn5Kw9eUXWwsK4tKn3rxueotUwgrknv4dkpump,SPY,False,False,21.3,32.2,40.6,20.8,0,0,1501,0,1
2026-07-18 15:30,AA3v9TutAPj1ZQ9XLioYUsUwcb2zdLbTNX8CCTeqpump,QUASI,False,False,10.0,11.9,14.3,4.8,0,0,1158,0,1
2026-07-18 15:39,D52ittGzi4dLhBytN2NbFL9DKRYL2EK8VSSjRxxQpump,Birdie,False,False,12.7,23.4,31.8,20.4,6,1,1532,0,1
2026-07-18 15:43,D6mSkFmPskEWMEqEpdMMfUEsJdEcQdTSzbG7J2GWpump,NYANJIM,False,False,9.4,10.8,12.2,3.1,0,0,2638,0,1
2026-07-18 15:57,3xV3Vuga7tgNvdH7JbwKXLMg96yHfiPwhJMmVnNMpump,Birdie,False,False,28.0,40.6,51.4,25.1,0,0,1173,0,1
2026-07-18 16:05,H23di4NXN6j2pwLwbYjtag1Q3v7ANyXR72kzfWYKpump,Fridge,False,False,15.4,25.3,34.2,20.4,4,1,862,0,1
2026-07-18 16:08,ATidV7cp3CqUS2W13hEhicZuLVriqVRRH5KTFn2xpump,$NO BRAIN,False,False,6.6,9.2,12.4,6.5,0,0,966,0,1
2026-07-18 16:23,9e6rqDhmahQTzmpVGSbJ4QhuMN5rW9k7AswExm7Zpump,CAR,False,False,25.3,35.9,45.2,21.5,0,0,1037,0,29
2026-07-18 17:04,HteEthSrnw2yCh14254qJZV2nWkuWyYBRBsdg4Kgpump,Galicia,False,False,23.3,33.6,42.3,20.5,0,0,1428,0,1
2026-07-18 17:16,U6sy4qMtXE5QAJBLsrDHaKkXVm7btEwWbvgecqepump,Neném,False,False,19.2,30.3,39.9,22.0,4,1,924,5006864480600,1
2026-07-18 17:32,Hu7vozhSAwooDynUUYcdHp1W3zpB5zDTbQ8Yn6acpump,ECO,False,False,30.4,68.8,76.5,47.1,0,0,650,303858407045613,38
2026-07-18 17:46,FUY6RbdfrDfa82y1AS5ZQRtaoSr1ZVTGD2EkN11bpump,KIWI,False,False,15.1,24.6,33.9,20.3,0,0,1180,0,1
2026-07-18 18:07,2ffFbW8e3mAW7ZigJuaahPFHSeFWjDU6dfTHQeAspump,TURBOROO,False,False,8.9,44.3,53.3,44.6,0,0,1467,0,1
2026-07-18 18:38,8dJCq5vokymF5KJwJfSatvQ4WynYtWZvw7MNsqLjpump,PENNY,False,False,20.7,29.6,37.9,18.6,6,1,1385,714856797877,1
2026-07-18 18:42,4ehDQGjbFT76JyLmsQXdUKGUp9RsxiFQi1XVd4Zxpump,ily,False,False,15.2,31.8,40.0,26.4,0,0,596,16855582109486,1
2026-07-18 19:07,EiYNk3Kkz3hXy2FYRyU9eJjT6jcfQ6uuasd8xCArpump,Flekioh,False,False,24.1,32.5,40.5,17.9,4,1,1139,0,1
2026-07-18 19:33,BZsZBKwyuaopnur5Cb7jXcq4CqYXhNQGj4PoPC2Fpump,Nubby,False,False,10.6,12.2,13.9,3.6,0,0,2785,2230239852836,1
2026-07-18 19:38,2TUZYzHT2RX63xdwwhoukDaXdyRw6uKw71rnL2oLpump,sebastian,False,False,23.3,35.4,47.4,26.2,4,1,1575,0,1
2026-07-18 19:59,GYVHmvi8Xs7CmPQwbS4pE5EXyd9P8ZTx2S4Pn5uspump,GINGER,False,False,27.1,54.6,62.0,36.0,0,0,350,0,1
2026-07-18 20:04,8GBF9wS8tQn9ykweZLAvyVN7QMyhzYzYw1HNFxULpump,PHG,False,False,16.4,30.2,44.8,31.2,6,1,510,24800937267113,1
2026-07-18 20:12,6MgiKNXnVW9gpcg86cEmt7wjkqS5gcCx5cnmpmbWpump,JOB,False,False,25.2,35.8,42.3,18.2,4,1,1333,0,1
2026-07-18 20:15,J1KcJ7J4mspkgVFrbhsFavdss5AvfVttJUiE6kVzpump,TILLY,False,False,25.5,39.7,53.0,29.2,0,0,933,0,1
2026-07-18 20:24,3C65gdJAknCK9anyp3thqPt8p1xnTbnynhGk8wM3pump,ASMR,False,False,22.2,33.7,44.9,24.7,4,1,861,0,1
2026-07-18 20:49,8iuNL36yGtMWoCKinRjG4jkyJhF9MbmiAZDHYC3Rpump,SOLjimothy,False,False,8.5,42.0,51.0,42.7,0,0,1478,0,1
2026-07-18 20:49,BkvSqZRwqu3JYLsruEyLUvNucLjV1Sbf6FRVZMAZpump,SATOSHI,False,False,25.0,38.4,49.9,26.8,0,0,689,28620705206769,1
2026-07-18 21:16,EbnZCN9mcJb4oRaRvR6gMzr1hvcSVmXkV9PPGVhepump,UNBOTHERED ,False,False,16.1,27.6,36.4,21.9,8,2,1107,0,1
2026-07-18 21:20,HGkjNTb14PzJfhLiM1yqhSoG2Gn4FnDYtmfeCKzvpump,IF,False,False,23.9,37.7,47.5,24.9,0,0,1039,0,1
2026-07-18 21:23,EB1Yye3HJKt8h8A6esUmFWKdoRvBqtXiX4JNxqcdpump,Nietzmothy,False,False,9.6,10.7,11.9,2.5,0,0,2638,0,1
2026-07-18 21:24,1nZznW314dWtbYJQfCN36jD2whFm3hPXmXtpVC2pump,PRCO,False,False,20.8,32.6,41.8,22.8,0,0,554,0,1
2026-07-18 21:34,2mGS6WWuDy1xNQuCo7irzH3iT4SsSeSaA3oJ5NLqpump,Benny,False,False,10.3,17.8,23.4,14.1,0,0,2043,0,1
2026-07-18 21:53,GkbwTYiuYBfQgy2JBsPTnZnL9zUfXEpjDj3KBcTgpump,SOLstable,False,False,15.4,22.7,26.0,11.2,0,0,745,314775556735,1
2026-07-18 22:04,5Hj4Ab8gVgfvXHMRxrdn4u2GnuHSkiQJngu8u14ppump,LOOKSGUD,False,False,7.1,10.0,13.4,7.0,0,0,1074,1,1
2026-07-18 23:15,GKPMCsCtfRrmQ8jGrrQSNYGJUoLUQWBw41j5Z8dXpump,HODL,False,False,16.0,26.4,34.8,20.3,0,0,1205,0,1
2026-07-18 23:35,EPKPcUPmhcDfpRq1LtN46FuysHo49D5Q6W2L2oPmpump,SUB,False,False,27.9,40.5,49.4,23.0,0,0,1081,0,1
2026-07-18 23:48,8X8QX36MW7fg2VG6PPNJqUozYcp9BnkJtmn1eZfhpump,soljak,False,False,11.4,18.7,25.3,14.8,0,0,901,2037595584660,1
2026-07-18 23:50,HHAaKxGSYomiwHeH4aPf5Lr9aqRLaYLNqhmrfBDUpump,HOME,False,False,11.8,21.8,29.8,19.2,0,0,1649,0,29
2026-07-18 23:55,9udZf7isX37XgygdgP2uBy5WXBaM3XvcxtGRPCrmpump,DREAMDOG,False,False,10.3,17.9,24.4,15.0,0,0,882,3520371073923,1
2026-07-19 00:00,APhHKkSD3CucwoN4TFLmFoBDg87G7yprio8ZK6N1pump,PORK,False,False,17.9,31.8,47.3,32.5,0,0,241,0,1
2026-07-19 00:20,3smEM526fxREcAKY61Chf4ZREmZsftaJ8WuF1hjcpump,bob,False,False,23.1,31.5,37.7,15.8,13,3,1528,0,1
2026-07-19 00:28,Xw9hBXxn7TrGCjmnUyLYrbTxdeTNngxgXzowPNMpump,RACSTEIN,False,False,6.9,14.1,17.9,11.4,0,0,1744,0,1
2026-07-19 01:36,3dtKm88TbzAWktLsXS55gCcVUkwVFWsCBoaTLbv6pump,Jummi,False,False,8.4,16.4,23.5,16.2,0,0,877,2225073601330,1
2026-07-19 02:13,8YyFWfzAk8HrGscVoPLGmZBiA9BuaakuUTiQn8yJpump,fuggler,False,False,20.3,32.9,45.1,27.0,0,0,372,95238,1
2026-07-19 02:38,HV1qExf1wqK2NLPuHpucPbCgcZsQWKBPtVqeg84vpump,Jimothius,False,False,10.2,11.7,13.3,3.4,0,0,1346,0,1
2026-07-19 02:59,CzBAZbiiZ2WJ1jPapCmHpsYzBgu5VnAa3LaR1As4pump,Mouse,False,False,16.9,28.5,39.3,24.1,12,3,724,0,1
2026-07-19 03:04,G1NesUVQfg8DJHDMrMmYgdBxeYSUoHyAry7tUpcUpump,USDRC,False,False,9.8,17.3,24.5,15.9,0,0,1022,2037595584660,1
2026-07-19 03:07,HekL5sMgvpsuypitEc7ThcrAtRCT59zMxqvcH7T4pump,Blackmothy,False,False,8.7,16.1,21.1,13.1,0,0,1000,710223979294,1
2026-07-19 03:36,FjQLfuiXwHpf1XCCfXd2LqY3fJSbf38Tp7zmMWkwpump,Himothy,False,False,20.5,46.3,56.0,37.2,25,4,664,0,29
2026-07-19 04:09,1UQECVt1gsVohirXZoGkkYyHzDdaRAf8end9LsQpump,PRIETA,False,False,12.0,20.5,29.1,18.3,12,3,1340,0,1
2026-07-19 04:13,YYhQEwcAeScuY3PNxcBzRMDCvZf1Nw1TFK7dVoypump,PONED,False,False,7.0,8.9,10.8,4.1,0,0,2592,0,1
2026-07-19 04:19,B3ctTEb4HgzhSiTPpHAKd2nxNu7VHkqBi7C4uC9Zpump,Tatesjail,False,False,25.1,52.4,66.7,44.4,0,0,264,25278771098040,31
2026-07-19 04:30,32DqLMgskKdYk13eZVLnpnw7BGg6XGZ3xKt2Kvrqpump,Rod,False,False,23.3,35.0,45.8,24.4,0,0,465,0,1
2026-07-19 04:33,9CMyPGEg83ffRJ3avBp9THEthDAjs21YPYS3mkkppump,Ronnie,False,False,15.9,22.7,28.7,13.7,4,1,1435,0,1
2026-07-19 05:20,6QSbUhu9yfWRf15eZoXFhMdApLYRmBghsfYpaHiSpump,BTC,False,False,16.7,27.6,37.1,22.2,14,1,999,0,1
2026-07-19 05:55,3e7hQA9QPv2rgQcGTHPigFBPXC5WoPXDLBxfTezEpump,JUAN,False,False,17.2,28.1,40.9,26.0,0,0,391,0,1
2026-07-19 05:58,2ns8Gs9bJhKWqMydBDAhSDRKp6Wf69fWxcnzsgBQpump,ONBOARD,False,False,27.4,39.0,47.8,21.9,4,1,1372,0,1
2026-07-19 06:32,CvaJnZ87K2N8muVJxFe8TpwuKMdufHPnBJbEAABTpump,SULLY,False,False,23.8,31.5,38.6,16.0,15,2,1317,0,1
2026-07-19 06:46,5zCypRD91xWpaQba5t2GG7QzEaJGTQzpYBZdeKuepump,RISE,False,False,79.9,87.7,92.0,12.7,None,None,None,None,None
2026-07-19 06:46,4Do7pHhCid89bj1RqhV3GUAkrZhnE6acCFHMdcgxpump,Debt ,False,False,12.3,21.5,27.7,16.4,None,None,None,None,None
2026-07-19 07:10,43mjozsTLTViop3seWnmgkcf1DRj6qMf1JWw7X8ypump,MrSue,False,False,12.3,19.3,26.9,15.9,6,1,1507,0,1
2026-07-19 07:44,BwJTyKf4Du8sK3FPuUvK5rJCvrUM89cXfFcP2jwUpump,Stickbug,False,False,17.2,26.5,35.3,19.3,0,0,1098,0,1
2026-07-19 07:49,32cs5EErNoWqKkQjYhdXYBexs71dMo4nJUVwSVc4pump,Nigga,False,False,24.3,33.7,42.1,19.1,4,1,1046,0,1
2026-07-19 07:58,DSS6fusqRSUGCRtZCCLZ8SxsxjyRAVAUQ5p1pS6Bpump,pillheads,False,False,27.6,36.7,45.2,19.2,4,1,1104,0,1
2026-07-19 08:19,7FmP6NSFXqsPHhVyRmENSeXpuietoPSpnT8CTUhppump,Susu,False,False,17.2,26.7,34.1,17.9,0,0,1158,0,1
2026-07-19 08:34,E9jZSmXNFL1apdkjXnox4dTCfbJF9hTCJEd4BxSgpump,BULLDOG,False,False,35.3,69.3,80.1,46.5,0,0,230,0,1
2026-07-19 08:51,62VuF8HACLg2ga4xnG9tRff5fmnfmoHJAUiCsBRFpump,JimSOLdiers,False,False,10.1,11.3,12.4,2.6,0,0,2791,0,1
2026-07-19 09:21,BNRPm7tstvZSC59Uz3kfRq8KvWTkCbsQAriFNUQmpump,SX,False,False,19.7,26.9,34.2,15.9,0,0,1441,0,1
2026-07-19 09:40,f3iboiTCNr5ioT5su9Q6mtsoegG1Po8486ZiePnpump,SX,False,False,17.8,31.3,41.8,25.5,4,1,1074,0,1
2026-07-19 09:48,Au3y2MuVctkLJS2uUSsVbXVrq2otoA3vCwG3a23kpump,Sköll,False,False,20.7,30.1,38.8,19.6,0,0,792,0,1
2026-07-19 10:10,D62iYdVkZ96wjdcSrf9MRBnRHiym3pHGQXx7Ek9Fpump,ANSEMCOIN,False,False,14.8,20.9,28.2,14.8,0,0,1622,0,29
2026-07-19 10:26,2cAtqsRafKS7baN3mvJARhyZiMRdW4fZYNUUWUrCpump,Agamemnon,False,False,11.7,20.6,28.7,18.3,0,0,1298,0,1
2026-07-19 11:09,9xsf7j9dYvijL8NoXFwP7Zyi2eT4xsFwFDMM8b5cpump,dih,False,False,24.5,36.0,44.6,21.3,4,1,1051,0,1
2026-07-19 11:11,GxFqmcTGfrh5S78ie3enoYGh2TzrwJ2AK3Dh2QSjpump,Tim,False,False,24.1,35.3,45.7,23.3,0,0,593,0,1
2026-07-19 11:15,HR6paqSuqjEcG89SDDMySEGqwkRhNLSi2FsqhasMpump,AGA,False,False,22.2,31.7,41.5,21.1,0,0,654,0,1
2026-07-19 11:38,HAshQYgknYo1HJ6maFpWAoGf67RPhr4oEbEhaPgQpump,ARGOS,False,False,20.7,29.2,36.1,16.5,0,0,1184,0,1
2026-07-19 12:06,FxjizdKBzFzwaSTbmgJiTFYkfJ1pZRP63bM4yqkGpump,POPSSSBULL,False,False,17.5,23.0,28.7,12.3,0,0,475,0,1
2026-07-19 12:23,47EhQ5wdNkcYTDgmDonCs92k8fFrPW4BnhS6Xncvpump,咻咻,False,False,20.9,33.8,44.5,25.2,0,0,786,0,1
2026-07-19 12:30,DCjuEdUAaCWD7ZNHqMNjaN2dE2EsAQtpP5Pswjappump,ELONCOIN,False,False,14.9,20.8,28.0,14.6,0,0,1232,0,1
2026-07-19 12:32,FKWBffKMeDPTqbg82qbyx3bn3buukH5uHGgBeYrvpump,USRC,False,False,8.4,15.4,20.8,13.0,0,0,781,2006280072175,1
2026-07-19 12:39,9MfmAQ1HGRGVZfrdwBsQnYzcuuYW2zEtu4uniaJKpump,Odysseus,False,False,27.0,39.2,49.1,23.9,4,1,1005,1,1
2026-07-19 13:08,HbGVzMdUnxQu1dYcWFQYU3LboHF32rwY9Cem1WZ6pump,HNUT,False,False,12.2,22.3,30.7,20.1,0,0,1498,0,1
2026-07-19 13:19,7ngrUqUvvnt1SpMRFo4rt7CG5CVscXb9C9ngHPr4pump,Nenem,False,False,7.0,9.6,12.6,6.1,0,0,1120,0,1
2026-07-19 13:26,3GB4u9SP98TUvZCAgAUmQ7hZv3zksduGvoFBoY8npump,Carp,False,False,17.5,28.3,38.9,22.8,0,0,1068,0,1
2026-07-19 13:42,BJZmYWFbgNwYyxUnCd8Zio5zxSeD8R9n99nnHLtBpump,HOBBES,False,False,9.8,37.2,45.1,35.5,0,0,1417,0,1
2026-07-19 13:43,3ujG4J8UVbyi5Kke7cZVe3qRirnbQvnAup9TtmBdpump,Lala,False,False,26.4,34.2,40.2,14.7,0,0,1160,0,1
2026-07-19 13:50,k9ZJ9DL9LQHfVudsK9ZswPwmhkQx1QML2pQoeNrpump,POD,False,False,20.4,32.5,43.2,24.7,0,0,938,0,1
2026-07-19 14:11,DyMLpSdr6yYATumKGupg5c3EW7TmGWu8uKgH8Uu1pump,Tete,False,False,26.0,34.6,41.1,16.2,0,0,1283,0,1
2026-07-19 14:39,FGcaCX8ej53GxdNU2he8945jL27Mf7QbKuJoWX1Vpump,מסי,False,False,25.7,38.7,50.9,27.2,0,0,559,0,1
2026-07-19 14:54,rG2Q4Re1fSNLbbnqN63N2whNSTJ9yQaa3zsUKg6pump,hoh,False,False,14.3,24.2,31.4,18.3,0,0,1228,0,1
2026-07-19 15:20,4WzJN1pE5hgu3M7gPEm1suDPFPa1NF7VqQDrZL2ipump,IMAX,False,False,16.7,27.5,37.0,21.8,0,0,1169,0,1
2026-07-19 15:43,FeH4kA7RCK3DpZ71yjQrUmV3dbGXGfDa19RtTw5cpump,Odyssey,False,False,11.7,20.9,28.0,17.5,27,2,2110,0,1
2026-07-19 15:44,Eh8BYnbJZeCYzPcvSrZtpoo3eEgtsTjy85cy1JRZ7Gty,Odysseus,False,False,26.7,36.7,45.7,20.5,4,1,1023,0,1
2026-07-19 15:46,4gRYGyDP9Jkdt2bi9LN8ZKwwd22UfPYAA8bRA3Zppump,Nimis,False,False,7.2,8.7,10.3,3.4,0,0,832,0,1
2026-07-19 16:01,Dx2MJutrQwVxJ3PsdiXBzJdVkvVrPYCVc39MbJQUpump,TROJAN,False,False,16.9,25.6,32.8,17.2,4,1,939,0,1
2026-07-19 16:32,AV9if3eY6XCSqbG5PwPemweHMXm1o95tcfV9asULpump,Komugi,False,False,9.9,11.0,12.1,2.4,0,0,2540,0,1
2026-07-19 16:35,9DxitCWrYHgHDKs3jRZPoP8atG9WbFuBdzqRbBqrpump,SOL,False,False,9.5,16.9,23.8,15.3,0,0,924,0,1
2026-07-19 16:43,BoRwd4FuvPUTi8Mu4ViCBG6oe7i9PesjDMePEX4Tpump,ODYSSEUS,False,False,16.0,25.5,34.6,20.0,0,0,926,0,1
2026-07-19 16:43,6T33Qx8FXbLvfPbircd9SZXsQg7hAZPRp4Y4Szebpump,JUDY,False,False,26.2,39.2,51.3,27.3,0,0,421,0,1
2026-07-19 16:45,EfY6QUqEvHcYs9sRpZphF56qSwotsJjMMA58iNB5pump,Musa,False,False,8.8,43.8,53.0,44.4,0,0,2460,0,1
2026-07-19 16:58,5wAr8gMm8KpgkGEiAhiBBdKBXFQsyChuLdw4KHuVpump,Meowpin,False,False,19.3,29.7,37.6,19.7,0,0,1200,0,1
2026-07-19 17:04,Gf5zJ5GtTk6pkHJKBkQXgZUrHQCh2xiWfbx8XZTZpump,WORLD,False,False,26.3,38.4,50.6,26.2,5,1,677,9764635696760,1
2026-07-19 17:33,FS5CEYY6MBvoLbjQEXfBbDRqZhLjqUfy9iVL91oZpump,5GUYS,False,False,10.0,16.5,22.3,13.4,0,0,302,0,1
2026-07-19 17:57,3896JtCMnJp8UREX13EGXH82mEzrUnt8ZKNLThYRpump,猴子币,False,False,18.4,30.1,40.7,24.1,0,0,724,0,1
2026-07-19 19:07,CKv8UuRDpEYou2QQvwQ2ivVK8yA9wxoM5wYnYpbGpump,Bruno,False,False,17.1,24.4,29.8,13.6,0,0,1808,0,1
2026-07-19 19:36,3qbphpUrEEYyhkDFyXzWLLU9Nk75ng7frc3Rvt7Dpump,MAGAMEMNON,False,False,9.5,10.4,11.4,2.1,0,0,2822,0,1
2026-07-19 19:45,5juBxmzaZcKv16qvjBHhHncSTgbwKGErMtVsE9ZCpump,JPEG,False,False,22.7,33.2,40.8,19.3,0,0,1434,0,1
2026-07-19 19:54,5UNFUzBFu34Zv8Cewfn33FxbNtbFuihmXA4Rgee1pump,ANSEMCOIN,False,False,4.8,11.9,18.3,14.2,0,0,4024,0,1
2026-07-19 19:58,2ysNj9BJC5vdVAzzcjzBms1mxdMiwKioAs8kZcUepump,MEMECOINS,False,False,11.2,18.9,26.3,16.1,0,0,838,1763077748892,1
2026-07-19 20:22,HmqNryXmwU2H7tYZwTyd3nqUnEiELGjxivgDocEPpump,Lamiau,False,False,14.4,25.0,34.5,21.4,0,0,1609,0,1
2026-07-19 20:31,CLvZffmdpVfVppPKGLiQrUajdbcF7RzUDoSkR8wTpump,FAIL,False,False,26.0,35.0,44.0,19.6,14,1,736,0,1
2026-07-19 20:47,4taRjy3zu3QBfD9XWeeuMmzgc8NwhsGTvsok6VuTpump,Doggocoin,False,False,8.9,11.3,14.1,5.7,0,0,2046,0,1
2026-07-19 20:56,4NFFu85ywyMMF5MaNqi3iwu8iF498vvS78JjsUGdpump,RACCOIN,False,False,30.2,55.8,63.3,34.6,23,1,205,301761519236685,34
2026-07-19 21:12,HesbMP8FaoUvK8uKrtg6Pf4WCiQXgFS8oQJ3tjZpump,WANE,False,False,17.4,27.1,36.1,20.4,0,0,864,0,1
2026-07-19 21:29,8ipdADvjbmmANFKLvmWJWbNa3bWmTrAKS1TwWXCKpump,Lionel,False,False,10.0,18.3,24.5,15.6,0,0,2153,0,1
2026-07-19 21:42,7H6maLQ8JsFnVsB4p7ndPKs5okZiwQpXMwxennEtpump,URAHARA,False,False,21.9,34.0,43.0,22.2,0,0,809,0,1
2026-07-19 21:57,BuxojGPBAatvbvwCKG9X9hDG1VcTqx3c2cVWw3JSpump,LAMINE,False,False,21.6,36.0,47.4,27.6,0,0,1424,0,1
2026-07-19 22:28,DfDeWhH1C5TwABwXWD7pVXq8ZRLSSrA4SL3Xwb4zpump,Tokyo,False,False,16.1,27.4,36.1,21.2,0,0,1517,0,1
2026-07-19 22:47,3zbaboajDtmsu6EKBiT5d3BmbTMLyFXbgwkKSoZMpump,Argos,False,False,12.3,25.7,36.7,26.1,0,0,982,0,1
2026-07-19 23:06,6ZEb1x9vLREP1WDfnsv1k99foGmjNhPxy12wBr5xpump,YamaBull,False,False,16.0,21.2,26.6,11.6,0,0,723,0,1
2026-07-19 23:31,2GU9TB56hem9mYVV6N2o6A5TtsyV5w8R8DHiXZ11pump,BULLMEMNON,False,False,9.9,32.3,39.5,30.0,0,0,1404,0,1
2026-07-20 00:23,6LLNiWXRZp8hn5oTFTHEo8ERbJS3QJfHSKhnTCqipump,MEMIPEDE,False,False,15.8,30.5,42.8,28.7,0,0,683,0,1
2026-07-20 00:36,G2SVgchK5TBV7Q8Ssa3Yv1qwYRapbR6C8RqCnCKCpump,CHROME,False,False,11.2,18.9,25.4,14.9,0,0,1029,3549527695218,1
2026-07-20 00:37,EmVfgywfHEvx4mqY6Y63ouGTvJacwfqqNg2qJgP1pump,BATH,False,False,16.7,27.1,37.2,22.4,4,1,1259,0,1
2026-07-20 00:58,DueDWfgz6oGHaPgA8FUq6j3F3T7tSUtvyf1bBrW1pump,BWC,False,False,23.0,34.5,43.6,22.1,0,0,948,0,1
2026-07-20 01:18,3iBPSFtG6d6eP34YFUpeZpvNEnNEgH3Ho799uUdBpump,TEAM,False,False,20.5,33.5,45.4,26.8,4,1,1201,0,1
2026-07-20 01:55,ELQrQ6AubHBEmH19G4eYMridAhRGMh6hHfKxFsH7pump,4,False,False,18.2,29.5,39.1,22.6,4,1,972,0,1
