time,variant,addr,symbol,price,liq,entry,peak_pct
2026-07-20 13:14:33,v12,93tRm6L1bNr15FTjnYUazRh4J3Ths2bL84myCBNtpump,FABLE,0.0002492,39980.36,0.0002492,0.0
2026-07-20 13:14:53,v12,93tRm6L1bNr15FTjnYUazRh4J3Ths2bL84myCBNtpump,FABLE,0.0002492,39980.36,0.0002492,0.0
2026-07-20 13:15:13,v12,93tRm6L1bNr15FTjnYUazRh4J3Ths2bL84myCBNtpump,FABLE,0.0002415,39366.48,0.0002492,0.0
2026-07-20 13:15:33,v12,93tRm6L1bNr15FTjnYUazRh4J3Ths2bL84myCBNtpump,FABLE,0.0002544,40400.35,0.0002492,2.09
2026-07-20 13:15:53,v12,93tRm6L1bNr15FTjnYUazRh4J3Ths2bL84myCBNtpump,FABLE,0.0002544,40400.35,0.0002492,2.09
2026-07-20 13:16:13,v12,93tRm6L1bNr15FTjnYUazRh4J3Ths2bL84myCBNtpump,FABLE,0.000261,40929.93,0.0002492,4.74
2026-07-20 13:16:34,v12,93tRm6L1bNr15FTjnYUazRh4J3Ths2bL84myCBNtpump,FABLE,0.0002702,41648.11,0.0002492,8.43
2026-07-20 13:16:54,v12,93tRm6L1bNr15FTjnYUazRh4J3Ths2bL84myCBNtpump,FABLE,0.0002702,41648.11,0.0002492,8.43
2026-07-20 13:17:14,v12,93tRm6L1bNr15FTjnYUazRh4J3Ths2bL84myCBNtpump,FABLE,0.0002692,41560.6,0.0002492,8.43
2026-07-20 13:17:34,v12,93tRm6L1bNr15FTjnYUazRh4J3Ths2bL84myCBNtpump,FABLE,0.0002474,39852.43,0.0002492,8.43
2026-07-20 13:17:54,v12,93tRm6L1bNr15FTjnYUazRh4J3Ths2bL84myCBNtpump,FABLE,0.0002474,39852.43,0.0002492,8.43
2026-07-20 13:18:14,v12,93tRm6L1bNr15FTjnYUazRh4J3Ths2bL84myCBNtpump,FABLE,0.0002459,39739.11,0.0002492,8.43
2026-07-20 13:18:34,v12,93tRm6L1bNr15FTjnYUazRh4J3Ths2bL84myCBNtpump,FABLE,0.0002387,39149.92,0.0002492,8.43
2026-07-20 13:18:54,v12,93tRm6L1bNr15FTjnYUazRh4J3Ths2bL84myCBNtpump,FABLE,0.0002387,39149.92,0.0002492,8.43
2026-07-20 13:19:14,v12,93tRm6L1bNr15FTjnYUazRh4J3Ths2bL84myCBNtpump,FABLE,0.0002121,36917.55,0.0002492,8.43
2026-07-20 13:19:35,v12,93tRm6L1bNr15FTjnYUazRh4J3Ths2bL84myCBNtpump,FABLE,0.0002124,36949.14,0.0002492,8.43
2026-07-20 13:19:55,v12,93tRm6L1bNr15FTjnYUazRh4J3Ths2bL84myCBNtpump,FABLE,0.0002124,36949.14,0.0002492,8.43
2026-07-20 13:20:15,v12,93tRm6L1bNr15FTjnYUazRh4J3Ths2bL84myCBNtpump,FABLE,0.000216,37267.41,0.0002492,8.43
2026-07-20 13:20:35,v12,93tRm6L1bNr15FTjnYUazRh4J3Ths2bL84myCBNtpump,FABLE,0.000211,36835.42,0.0002492,8.43
2026-07-20 13:20:55,v12,93tRm6L1bNr15FTjnYUazRh4J3Ths2bL84myCBNtpump,FABLE,0.000211,36835.42,0.0002492,8.43
2026-07-20 13:21:15,v12,93tRm6L1bNr15FTjnYUazRh4J3Ths2bL84myCBNtpump,FABLE,0.0002089,36655.86,0.0002492,8.43
2026-07-20 13:21:35,v12,93tRm6L1bNr15FTjnYUazRh4J3Ths2bL84myCBNtpump,FABLE,0.0002236,37933.02,0.0002492,8.43
2026-07-20 13:21:55,v12,93tRm6L1bNr15FTjnYUazRh4J3Ths2bL84myCBNtpump,FABLE,0.0002236,37933.02,0.0002492,8.43
2026-07-20 13:22:16,v12,93tRm6L1bNr15FTjnYUazRh4J3Ths2bL84myCBNtpump,FABLE,0.0002265,38175.32,0.0002492,8.43
2026-07-20 13:22:36,v12,93tRm6L1bNr15FTjnYUazRh4J3Ths2bL84myCBNtpump,FABLE,0.0002191,37544.12,0.0002492,8.43
2026-07-20 13:22:56,v12,93tRm6L1bNr15FTjnYUazRh4J3Ths2bL84myCBNtpump,FABLE,0.0002191,37544.12,0.0002492,8.43
2026-07-20 13:23:16,v12,93tRm6L1bNr15FTjnYUazRh4J3Ths2bL84myCBNtpump,FABLE,0.0002166,37332.77,0.0002492,8.43
2026-07-20 13:23:36,v12,93tRm6L1bNr15FTjnYUazRh4J3Ths2bL84myCBNtpump,FABLE,0.0002211,37719.35,0.0002492,8.43
2026-07-20 13:23:56,v12,93tRm6L1bNr15FTjnYUazRh4J3Ths2bL84myCBNtpump,FABLE,0.0002211,37719.35,0.0002492,8.43
2026-07-20 13:24:16,v12,93tRm6L1bNr15FTjnYUazRh4J3Ths2bL84myCBNtpump,FABLE,0.0002253,38076.09,0.0002492,8.43
2026-07-20 13:24:36,v12,93tRm6L1bNr15FTjnYUazRh4J3Ths2bL84myCBNtpump,FABLE,0.0002071,36510.25,0.0002492,8.43
2026-07-20 13:24:57,v12,93tRm6L1bNr15FTjnYUazRh4J3Ths2bL84myCBNtpump,FABLE,0.0002071,36510.25,0.0002492,8.43
2026-07-20 13:25:17,v12,93tRm6L1bNr15FTjnYUazRh4J3Ths2bL84myCBNtpump,FABLE,0.000212,36945.09,0.0002492,8.43
2026-07-20 13:25:37,v12,93tRm6L1bNr15FTjnYUazRh4J3Ths2bL84myCBNtpump,FABLE,0.00021,36770.43,0.0002492,8.43
2026-07-20 13:25:57,v12,93tRm6L1bNr15FTjnYUazRh4J3Ths2bL84myCBNtpump,FABLE,0.00021,36770.43,0.0002492,8.43
2026-07-20 13:26:17,v12,93tRm6L1bNr15FTjnYUazRh4J3Ths2bL84myCBNtpump,FABLE,0.0002038,36218.88,0.0002492,8.43
2026-07-20 13:26:37,v12,93tRm6L1bNr15FTjnYUazRh4J3Ths2bL84myCBNtpump,FABLE,0.0001978,35688.29,0.0002492,8.43
2026-07-20 13:42:58,v12,97AT7VzHTUYmGgYsKDx76fzNgibCy5keRoftBosKpump,holyshit,0.0001304,28283.66,0.0001304,0.0
2026-07-20 13:43:18,v12,97AT7VzHTUYmGgYsKDx76fzNgibCy5keRoftBosKpump,holyshit,0.0001304,28283.66,0.0001304,0.0
2026-07-20 13:43:38,v12,97AT7VzHTUYmGgYsKDx76fzNgibCy5keRoftBosKpump,holyshit,0.0001323,28494.05,0.0001304,1.46
2026-07-20 13:43:58,v12,97AT7VzHTUYmGgYsKDx76fzNgibCy5keRoftBosKpump,holyshit,0.0001232,27498.99,0.0001304,1.46
2026-07-20 13:44:18,v12,97AT7VzHTUYmGgYsKDx76fzNgibCy5keRoftBosKpump,holyshit,0.0001232,27498.99,0.0001304,1.46
2026-07-20 13:44:38,v12,97AT7VzHTUYmGgYsKDx76fzNgibCy5keRoftBosKpump,holyshit,0.0001231,27485.54,0.0001304,1.46
2026-07-20 13:44:59,v12,97AT7VzHTUYmGgYsKDx76fzNgibCy5keRoftBosKpump,holyshit,8.212e-05,22471.06,0.0001304,1.46
2026-07-20 14:16:40,v12,PF5EF1wqqPrq8NDQ5aQEq6NZZSYsVyzhox9V5Fdpump,Pork,0.0001718,33449.56,0.0001718,0.0
2026-07-20 14:17:00,v12,PF5EF1wqqPrq8NDQ5aQEq6NZZSYsVyzhox9V5Fdpump,Pork,0.0001805,34295.11,0.0001718,5.06
2026-07-20 14:17:20,v12,PF5EF1wqqPrq8NDQ5aQEq6NZZSYsVyzhox9V5Fdpump,Pork,0.0001261,28687.32,0.0001718,5.06
2026-07-20 15:37:42,v12,FDM8DKzNNUZNoveMPJ9qQ9y7GpXp1wKq7Y4ujtMMpump,Jerboa,9.055e-05,22974.71,9.055e-05,0.0
2026-07-20 15:38:02,v12,FDM8DKzNNUZNoveMPJ9qQ9y7GpXp1wKq7Y4ujtMMpump,Jerboa,9.055e-05,22974.71,9.055e-05,0.0
2026-07-20 15:38:22,v12,FDM8DKzNNUZNoveMPJ9qQ9y7GpXp1wKq7Y4ujtMMpump,Jerboa,8.373e-05,22097.72,9.055e-05,0.0
2026-07-20 15:38:42,v12,FDM8DKzNNUZNoveMPJ9qQ9y7GpXp1wKq7Y4ujtMMpump,Jerboa,8.71e-05,22539.49,9.055e-05,0.0
2026-07-20 15:39:03,v12,FDM8DKzNNUZNoveMPJ9qQ9y7GpXp1wKq7Y4ujtMMpump,Jerboa,8.71e-05,22539.49,9.055e-05,0.0
2026-07-20 15:39:23,v12,FDM8DKzNNUZNoveMPJ9qQ9y7GpXp1wKq7Y4ujtMMpump,Jerboa,8.752e-05,22595.86,9.055e-05,0.0
2026-07-20 15:39:43,v12,FDM8DKzNNUZNoveMPJ9qQ9y7GpXp1wKq7Y4ujtMMpump,Jerboa,7.955e-05,21545.85,9.055e-05,0.0
2026-07-20 17:34:05,v12,72gYGsohKHmhdBeunDcMinNpL551PkTSWUWJZ1bZpump,106,0.000427,57432.67,0.000427,0.0
2026-07-20 17:34:25,v12,72gYGsohKHmhdBeunDcMinNpL551PkTSWUWJZ1bZpump,106,0.0004243,57280.9,0.000427,0.0
2026-07-20 17:34:45,v12,72gYGsohKHmhdBeunDcMinNpL551PkTSWUWJZ1bZpump,106,0.0003506,52097.98,0.000427,0.0
2026-07-20 17:45:46,v12,HHcXBLbnuSWdYigNgiYDmPhuwwRzTCB73CmyJ8M7pump,Pickle,0.0004009,49353.15,0.0004009,0.0
2026-07-20 17:46:06,v12,HHcXBLbnuSWdYigNgiYDmPhuwwRzTCB73CmyJ8M7pump,Pickle,0.0004009,49353.15,0.0004009,0.0
2026-07-20 17:46:26,v12,HHcXBLbnuSWdYigNgiYDmPhuwwRzTCB73CmyJ8M7pump,Pickle,0.0003502,46138.02,0.0004009,0.0
2026-07-20 18:02:27,v12,4rABHLfm7BDkkjrkyPYtRadg2BZTEZVoEy3MzrFQpump,WHALE,8.681e-05,22326.53,8.681e-05,0.0
2026-07-20 18:02:47,v12,4rABHLfm7BDkkjrkyPYtRadg2BZTEZVoEy3MzrFQpump,WHALE,8.938e-05,22656.22,8.681e-05,2.96
2026-07-20 18:03:07,v12,4rABHLfm7BDkkjrkyPYtRadg2BZTEZVoEy3MzrFQpump,WHALE,0.0001094,25072.17,8.681e-05,26.02
2026-07-20 18:03:27,v12,4rABHLfm7BDkkjrkyPYtRadg2BZTEZVoEy3MzrFQpump,WHALE,0.0001094,25072.17,8.681e-05,26.02
2026-07-20 18:03:47,v12,4rABHLfm7BDkkjrkyPYtRadg2BZTEZVoEy3MzrFQpump,WHALE,9.844e-05,23788.45,8.681e-05,26.02
2026-07-20 18:04:07,v12,4rABHLfm7BDkkjrkyPYtRadg2BZTEZVoEy3MzrFQpump,WHALE,0.0001011,24120.88,8.681e-05,26.02
2026-07-20 18:04:27,v12,4rABHLfm7BDkkjrkyPYtRadg2BZTEZVoEy3MzrFQpump,WHALE,0.0001011,24120.88,8.681e-05,26.02
2026-07-20 18:04:47,v12,4rABHLfm7BDkkjrkyPYtRadg2BZTEZVoEy3MzrFQpump,WHALE,0.0001009,24100.7,8.681e-05,26.02
2026-07-20 18:05:08,v12,4rABHLfm7BDkkjrkyPYtRadg2BZTEZVoEy3MzrFQpump,WHALE,9.641e-05,23557.67,8.681e-05,26.02
2026-07-20 18:05:28,v12,4rABHLfm7BDkkjrkyPYtRadg2BZTEZVoEy3MzrFQpump,WHALE,9.641e-05,23557.67,8.681e-05,26.02
2026-07-20 18:05:48,v12,4rABHLfm7BDkkjrkyPYtRadg2BZTEZVoEy3MzrFQpump,WHALE,0.0001035,24414.53,8.681e-05,26.02
2026-07-20 18:06:08,v12,4rABHLfm7BDkkjrkyPYtRadg2BZTEZVoEy3MzrFQpump,WHALE,0.0001044,24528.81,8.681e-05,26.02
2026-07-20 18:06:28,v12,4rABHLfm7BDkkjrkyPYtRadg2BZTEZVoEy3MzrFQpump,WHALE,0.0001044,24528.81,8.681e-05,26.02
2026-07-20 18:06:48,v12,4rABHLfm7BDkkjrkyPYtRadg2BZTEZVoEy3MzrFQpump,WHALE,9.986e-05,23985.35,8.681e-05,26.02
2026-07-20 18:07:08,v12,4rABHLfm7BDkkjrkyPYtRadg2BZTEZVoEy3MzrFQpump,WHALE,9.738e-05,23676.11,8.681e-05,26.02
2026-07-20 18:07:28,v12,4rABHLfm7BDkkjrkyPYtRadg2BZTEZVoEy3MzrFQpump,WHALE,9.738e-05,23676.11,8.681e-05,26.02
2026-07-20 18:07:49,v12,4rABHLfm7BDkkjrkyPYtRadg2BZTEZVoEy3MzrFQpump,WHALE,9.729e-05,23667.66,8.681e-05,26.02
2026-07-20 18:08:09,v12,4rABHLfm7BDkkjrkyPYtRadg2BZTEZVoEy3MzrFQpump,WHALE,9.606e-05,23521.23,8.681e-05,26.02
2026-07-20 18:08:29,v12,4rABHLfm7BDkkjrkyPYtRadg2BZTEZVoEy3MzrFQpump,WHALE,9.606e-05,23521.23,8.681e-05,26.02
2026-07-20 18:08:49,v12,4rABHLfm7BDkkjrkyPYtRadg2BZTEZVoEy3MzrFQpump,WHALE,0.0001033,24401.87,8.681e-05,26.02
2026-07-20 18:09:09,v12,4rABHLfm7BDkkjrkyPYtRadg2BZTEZVoEy3MzrFQpump,WHALE,0.0001032,24392.03,8.681e-05,26.02
2026-07-20 18:09:29,v12,4rABHLfm7BDkkjrkyPYtRadg2BZTEZVoEy3MzrFQpump,WHALE,0.0001032,24392.03,8.681e-05,26.02
2026-07-20 18:09:49,v12,4rABHLfm7BDkkjrkyPYtRadg2BZTEZVoEy3MzrFQpump,WHALE,9.557e-05,23469.08,8.681e-05,26.02
2026-07-20 18:10:09,v12,4rABHLfm7BDkkjrkyPYtRadg2BZTEZVoEy3MzrFQpump,WHALE,9.778e-05,23740.61,8.681e-05,26.02
2026-07-20 18:10:29,v12,4rABHLfm7BDkkjrkyPYtRadg2BZTEZVoEy3MzrFQpump,WHALE,9.778e-05,23740.61,8.681e-05,26.02
2026-07-20 18:10:49,v12,4rABHLfm7BDkkjrkyPYtRadg2BZTEZVoEy3MzrFQpump,WHALE,0.0001007,24101.23,8.681e-05,26.02
2026-07-20 18:11:10,v12,4rABHLfm7BDkkjrkyPYtRadg2BZTEZVoEy3MzrFQpump,WHALE,0.0001036,24439.8,8.681e-05,26.02
2026-07-20 18:11:30,v12,4rABHLfm7BDkkjrkyPYtRadg2BZTEZVoEy3MzrFQpump,WHALE,0.0001036,24439.8,8.681e-05,26.02
2026-07-20 18:11:50,v12,4rABHLfm7BDkkjrkyPYtRadg2BZTEZVoEy3MzrFQpump,WHALE,0.0001025,24315.35,8.681e-05,26.02
2026-07-20 18:11:50,v12,2gYhGaFMBiPC2bBibG7yKZk94uJw2fcq6DtpYP7ZUory,LUMENA,0.4586,51349.94,0.4626,0.0
2026-07-20 18:12:10,v12,4rABHLfm7BDkkjrkyPYtRadg2BZTEZVoEy3MzrFQpump,WHALE,0.0001025,24315.35,8.681e-05,26.02
2026-07-20 18:12:10,v12,2gYhGaFMBiPC2bBibG7yKZk94uJw2fcq6DtpYP7ZUory,LUMENA,0.4586,51349.94,0.4626,0.0
2026-07-20 18:12:31,v12,4rABHLfm7BDkkjrkyPYtRadg2BZTEZVoEy3MzrFQpump,WHALE,0.0001002,24061.42,8.681e-05,26.02
2026-07-20 18:12:31,v12,2gYhGaFMBiPC2bBibG7yKZk94uJw2fcq6DtpYP7ZUory,LUMENA,0.4586,51349.94,0.4626,0.0
2026-07-20 18:12:51,v12,4rABHLfm7BDkkjrkyPYtRadg2BZTEZVoEy3MzrFQpump,WHALE,0.0001002,24061.42,8.681e-05,26.02
2026-07-20 18:12:51,v12,2gYhGaFMBiPC2bBibG7yKZk94uJw2fcq6DtpYP7ZUory,LUMENA,0.4586,51349.94,0.4626,0.0
2026-07-20 18:13:11,v12,4rABHLfm7BDkkjrkyPYtRadg2BZTEZVoEy3MzrFQpump,WHALE,9.668e-05,23630.22,8.681e-05,26.02
2026-07-20 18:13:11,v12,2gYhGaFMBiPC2bBibG7yKZk94uJw2fcq6DtpYP7ZUory,LUMENA,0.4426,50450.05,0.4626,0.0
2026-07-20 18:13:31,v12,4rABHLfm7BDkkjrkyPYtRadg2BZTEZVoEy3MzrFQpump,WHALE,9.668e-05,23630.22,8.681e-05,26.02
2026-07-20 18:13:31,v12,2gYhGaFMBiPC2bBibG7yKZk94uJw2fcq6DtpYP7ZUory,LUMENA,0.4426,50450.05,0.4626,0.0
2026-07-20 18:13:51,v12,4rABHLfm7BDkkjrkyPYtRadg2BZTEZVoEy3MzrFQpump,WHALE,9.438e-05,23353.21,8.681e-05,26.02
2026-07-20 18:13:52,v12,2gYhGaFMBiPC2bBibG7yKZk94uJw2fcq6DtpYP7ZUory,LUMENA,0.4311,49786.49,0.4626,0.0
2026-07-20 18:14:12,v12,2gYhGaFMBiPC2bBibG7yKZk94uJw2fcq6DtpYP7ZUory,LUMENA,0.4275,49578.86,0.4626,0.0
2026-07-20 18:14:32,v12,2gYhGaFMBiPC2bBibG7yKZk94uJw2fcq6DtpYP7ZUory,LUMENA,0.4268,49538.97,0.4626,0.0
2026-07-20 18:14:52,v12,2gYhGaFMBiPC2bBibG7yKZk94uJw2fcq6DtpYP7ZUory,LUMENA,0.4266,49528.15,0.4626,0.0
2026-07-20 18:15:12,v12,2gYhGaFMBiPC2bBibG7yKZk94uJw2fcq6DtpYP7ZUory,LUMENA,0.4266,49528.15,0.4626,0.0
2026-07-20 18:15:32,v12,2gYhGaFMBiPC2bBibG7yKZk94uJw2fcq6DtpYP7ZUory,LUMENA,0.4263,49510.63,0.4626,0.0
2026-07-20 18:15:52,v12,2gYhGaFMBiPC2bBibG7yKZk94uJw2fcq6DtpYP7ZUory,LUMENA,0.426,49492.53,0.4626,0.0
2026-07-20 18:16:12,v12,2gYhGaFMBiPC2bBibG7yKZk94uJw2fcq6DtpYP7ZUory,LUMENA,0.426,49492.53,0.4626,0.0
2026-07-20 18:16:32,v12,2gYhGaFMBiPC2bBibG7yKZk94uJw2fcq6DtpYP7ZUory,LUMENA,0.4263,49507.85,0.4626,0.0
2026-07-20 18:16:53,v12,2gYhGaFMBiPC2bBibG7yKZk94uJw2fcq6DtpYP7ZUory,LUMENA,0.4263,49507.85,0.4626,0.0
2026-07-20 18:17:13,v12,2gYhGaFMBiPC2bBibG7yKZk94uJw2fcq6DtpYP7ZUory,LUMENA,0.4263,49507.85,0.4626,0.0
2026-07-20 18:17:33,v12,2gYhGaFMBiPC2bBibG7yKZk94uJw2fcq6DtpYP7ZUory,LUMENA,0.4263,49507.85,0.4626,0.0
2026-07-20 18:17:53,v12,2gYhGaFMBiPC2bBibG7yKZk94uJw2fcq6DtpYP7ZUory,LUMENA,0.4263,49507.85,0.4626,0.0
2026-07-20 18:18:13,v12,2gYhGaFMBiPC2bBibG7yKZk94uJw2fcq6DtpYP7ZUory,LUMENA,0.4263,49507.85,0.4626,0.0
2026-07-20 18:18:33,v12,2gYhGaFMBiPC2bBibG7yKZk94uJw2fcq6DtpYP7ZUory,LUMENA,0.4263,49507.85,0.4626,0.0
2026-07-20 18:18:54,v12,2gYhGaFMBiPC2bBibG7yKZk94uJw2fcq6DtpYP7ZUory,LUMENA,0.4263,49507.85,0.4626,0.0
2026-07-20 18:19:14,v12,2gYhGaFMBiPC2bBibG7yKZk94uJw2fcq6DtpYP7ZUory,LUMENA,0.4263,49507.85,0.4626,0.0
2026-07-20 18:19:34,v12,2gYhGaFMBiPC2bBibG7yKZk94uJw2fcq6DtpYP7ZUory,LUMENA,0.4263,49507.85,0.4626,0.0
2026-07-20 18:19:54,v12,2gYhGaFMBiPC2bBibG7yKZk94uJw2fcq6DtpYP7ZUory,LUMENA,0.4262,49503.67,0.4626,0.0
2026-07-20 18:20:14,v12,2gYhGaFMBiPC2bBibG7yKZk94uJw2fcq6DtpYP7ZUory,LUMENA,0.4262,49503.67,0.4626,0.0
2026-07-20 18:20:34,v12,2gYhGaFMBiPC2bBibG7yKZk94uJw2fcq6DtpYP7ZUory,LUMENA,0.4262,49503.67,0.4626,0.0
2026-07-20 18:20:59,v12,2gYhGaFMBiPC2bBibG7yKZk94uJw2fcq6DtpYP7ZUory,LUMENA,0.4258,49481.92,0.4626,0.0
2026-07-20 18:21:19,v12,2gYhGaFMBiPC2bBibG7yKZk94uJw2fcq6DtpYP7ZUory,LUMENA,0.4258,49481.92,0.4626,0.0
2026-07-20 18:21:39,v12,2gYhGaFMBiPC2bBibG7yKZk94uJw2fcq6DtpYP7ZUory,LUMENA,0.4258,49481.92,0.4626,0.0
2026-07-20 18:22:00,v12,2gYhGaFMBiPC2bBibG7yKZk94uJw2fcq6DtpYP7ZUory,LUMENA,0.4258,49481.92,0.4626,0.0
2026-07-20 18:22:20,v12,2gYhGaFMBiPC2bBibG7yKZk94uJw2fcq6DtpYP7ZUory,LUMENA,0.4258,49481.92,0.4626,0.0
2026-07-20 18:22:40,v12,2gYhGaFMBiPC2bBibG7yKZk94uJw2fcq6DtpYP7ZUory,LUMENA,0.4258,49481.92,0.4626,0.0
2026-07-20 18:23:00,v12,2gYhGaFMBiPC2bBibG7yKZk94uJw2fcq6DtpYP7ZUory,LUMENA,0.4258,49481.92,0.4626,0.0
2026-07-20 18:23:20,v12,2gYhGaFMBiPC2bBibG7yKZk94uJw2fcq6DtpYP7ZUory,LUMENA,0.4258,49481.92,0.4626,0.0
2026-07-20 18:23:40,v12,2gYhGaFMBiPC2bBibG7yKZk94uJw2fcq6DtpYP7ZUory,LUMENA,0.4209,49193.43,0.4626,0.0
2026-07-20 18:24:00,v12,2gYhGaFMBiPC2bBibG7yKZk94uJw2fcq6DtpYP7ZUory,LUMENA,0.4242,49386.89,0.4626,0.0
2026-07-20 19:18:02,v12,3uZdHj8eG6bAXh79oZss5QwkkZxoWcErU55RfXSxpump,eeepy,7.345e-05,20720.9,7.345e-05,0.0
2026-07-20 19:18:22,v12,3uZdHj8eG6bAXh79oZss5QwkkZxoWcErU55RfXSxpump,eeepy,7.261e-05,20604.64,7.345e-05,0.0
2026-07-20 19:18:42,v12,3uZdHj8eG6bAXh79oZss5QwkkZxoWcErU55RfXSxpump,eeepy,7.261e-05,20604.64,7.345e-05,0.0
2026-07-20 19:19:02,v12,3uZdHj8eG6bAXh79oZss5QwkkZxoWcErU55RfXSxpump,eeepy,6.943e-05,20148.07,7.345e-05,0.0
2026-07-20 19:19:22,v12,3uZdHj8eG6bAXh79oZss5QwkkZxoWcErU55RfXSxpump,eeepy,6.918e-05,20112.3,7.345e-05,0.0
2026-07-20 19:19:43,v12,3uZdHj8eG6bAXh79oZss5QwkkZxoWcErU55RfXSxpump,eeepy,6.918e-05,20112.3,7.345e-05,0.0
2026-07-20 19:20:03,v12,3uZdHj8eG6bAXh79oZss5QwkkZxoWcErU55RfXSxpump,eeepy,7.617e-05,21105.83,7.345e-05,3.7
2026-07-20 19:20:23,v12,3uZdHj8eG6bAXh79oZss5QwkkZxoWcErU55RfXSxpump,eeepy,8.018e-05,21656.53,7.345e-05,9.16
2026-07-20 19:20:43,v12,3uZdHj8eG6bAXh79oZss5QwkkZxoWcErU55RfXSxpump,eeepy,8.018e-05,21656.53,7.345e-05,9.16
2026-07-20 19:21:03,v12,3uZdHj8eG6bAXh79oZss5QwkkZxoWcErU55RfXSxpump,eeepy,8.468e-05,22256.88,7.345e-05,15.29
2026-07-20 19:21:23,v12,3uZdHj8eG6bAXh79oZss5QwkkZxoWcErU55RfXSxpump,eeepy,7.902e-05,21501.94,7.345e-05,15.29
2026-07-20 19:21:43,v12,3uZdHj8eG6bAXh79oZss5QwkkZxoWcErU55RfXSxpump,eeepy,7.902e-05,21501.94,7.345e-05,15.29
2026-07-20 19:22:03,v12,3uZdHj8eG6bAXh79oZss5QwkkZxoWcErU55RfXSxpump,eeepy,8.223e-05,21934.6,7.345e-05,15.29
2026-07-20 19:22:24,v12,3uZdHj8eG6bAXh79oZss5QwkkZxoWcErU55RfXSxpump,eeepy,8.418e-05,22196.6,7.345e-05,15.29
2026-07-20 19:22:44,v12,3uZdHj8eG6bAXh79oZss5QwkkZxoWcErU55RfXSxpump,eeepy,8.418e-05,22196.6,7.345e-05,15.29
2026-07-20 19:23:04,v12,3uZdHj8eG6bAXh79oZss5QwkkZxoWcErU55RfXSxpump,eeepy,8.12e-05,21801.53,7.345e-05,15.29
2026-07-20 19:23:24,v12,3uZdHj8eG6bAXh79oZss5QwkkZxoWcErU55RfXSxpump,eeepy,8.206e-05,21920.46,7.345e-05,15.29
2026-07-20 19:23:44,v12,3uZdHj8eG6bAXh79oZss5QwkkZxoWcErU55RfXSxpump,eeepy,8.206e-05,21920.46,7.345e-05,15.29
2026-07-20 19:24:04,v12,3uZdHj8eG6bAXh79oZss5QwkkZxoWcErU55RfXSxpump,eeepy,8.23e-05,21951.66,7.345e-05,15.29
2026-07-20 19:24:24,v12,3uZdHj8eG6bAXh79oZss5QwkkZxoWcErU55RfXSxpump,eeepy,7.983e-05,21620.65,7.345e-05,15.29
2026-07-20 19:24:44,v12,3uZdHj8eG6bAXh79oZss5QwkkZxoWcErU55RfXSxpump,eeepy,7.983e-05,21620.65,7.345e-05,15.29
2026-07-20 19:25:05,v12,3uZdHj8eG6bAXh79oZss5QwkkZxoWcErU55RfXSxpump,eeepy,9.025e-05,22991.03,7.345e-05,22.87
2026-07-20 19:25:25,v12,3uZdHj8eG6bAXh79oZss5QwkkZxoWcErU55RfXSxpump,eeepy,8.965e-05,22919.69,7.345e-05,22.87
2026-07-20 19:25:45,v12,3uZdHj8eG6bAXh79oZss5QwkkZxoWcErU55RfXSxpump,eeepy,8.965e-05,22919.69,7.345e-05,22.87
2026-07-20 19:26:05,v12,3uZdHj8eG6bAXh79oZss5QwkkZxoWcErU55RfXSxpump,eeepy,8.376e-05,22156.03,7.345e-05,22.87
2026-07-20 19:26:25,v12,3uZdHj8eG6bAXh79oZss5QwkkZxoWcErU55RfXSxpump,eeepy,8.317e-05,22080.96,7.345e-05,22.87
2026-07-20 19:26:45,v12,3uZdHj8eG6bAXh79oZss5QwkkZxoWcErU55RfXSxpump,eeepy,8.317e-05,22080.96,7.345e-05,22.87
2026-07-20 19:27:05,v12,3uZdHj8eG6bAXh79oZss5QwkkZxoWcErU55RfXSxpump,eeepy,8.234e-05,21971.4,7.345e-05,22.87
2026-07-20 19:27:25,v12,3uZdHj8eG6bAXh79oZss5QwkkZxoWcErU55RfXSxpump,eeepy,8.447e-05,22252.99,7.345e-05,22.87
2026-07-20 19:27:45,v12,3uZdHj8eG6bAXh79oZss5QwkkZxoWcErU55RfXSxpump,eeepy,8.447e-05,22252.99,7.345e-05,22.87
2026-07-20 19:28:06,v12,3uZdHj8eG6bAXh79oZss5QwkkZxoWcErU55RfXSxpump,eeepy,7.903e-05,21526.47,7.345e-05,22.87
2026-07-20 19:28:26,v12,3uZdHj8eG6bAXh79oZss5QwkkZxoWcErU55RfXSxpump,eeepy,8.051e-05,21728.59,7.345e-05,22.87
2026-07-20 19:28:46,v12,3uZdHj8eG6bAXh79oZss5QwkkZxoWcErU55RfXSxpump,eeepy,8.051e-05,21728.59,7.345e-05,22.87
2026-07-20 19:29:06,v12,3uZdHj8eG6bAXh79oZss5QwkkZxoWcErU55RfXSxpump,eeepy,7.981e-05,21636.97,7.345e-05,22.87
2026-07-20 19:29:26,v12,3uZdHj8eG6bAXh79oZss5QwkkZxoWcErU55RfXSxpump,eeepy,8.141e-05,21854.91,7.345e-05,22.87
2026-07-20 19:29:46,v12,3uZdHj8eG6bAXh79oZss5QwkkZxoWcErU55RfXSxpump,eeepy,8.141e-05,21854.91,7.345e-05,22.87
2026-07-20 19:30:06,v12,3uZdHj8eG6bAXh79oZss5QwkkZxoWcErU55RfXSxpump,eeepy,8.019e-05,21690.73,7.345e-05,22.87
2026-07-20 19:30:26,v12,3uZdHj8eG6bAXh79oZss5QwkkZxoWcErU55RfXSxpump,eeepy,8.749e-05,22657.63,7.345e-05,22.87
2026-07-20 19:30:47,v12,3uZdHj8eG6bAXh79oZss5QwkkZxoWcErU55RfXSxpump,eeepy,8.749e-05,22657.63,7.345e-05,22.87
2026-07-20 19:31:07,v12,3uZdHj8eG6bAXh79oZss5QwkkZxoWcErU55RfXSxpump,eeepy,8.597e-05,22460.88,7.345e-05,22.87
2026-07-20 19:31:27,v12,3uZdHj8eG6bAXh79oZss5QwkkZxoWcErU55RfXSxpump,eeepy,8.089e-05,21788.18,7.345e-05,22.87
2026-07-20 19:31:47,v12,3uZdHj8eG6bAXh79oZss5QwkkZxoWcErU55RfXSxpump,eeepy,8.089e-05,21788.18,7.345e-05,22.87
2026-07-20 19:32:07,v12,3uZdHj8eG6bAXh79oZss5QwkkZxoWcErU55RfXSxpump,eeepy,8.213e-05,21954.36,7.345e-05,22.87
2026-07-20 19:32:27,v12,3uZdHj8eG6bAXh79oZss5QwkkZxoWcErU55RfXSxpump,eeepy,8.277e-05,22036.41,7.345e-05,22.87
2026-07-20 19:32:47,v12,3uZdHj8eG6bAXh79oZss5QwkkZxoWcErU55RfXSxpump,eeepy,8.277e-05,22036.41,7.345e-05,22.87
2026-07-20 19:33:07,v12,3uZdHj8eG6bAXh79oZss5QwkkZxoWcErU55RfXSxpump,eeepy,7.987e-05,21646.79,7.345e-05,22.87
2026-07-20 19:33:27,v12,3uZdHj8eG6bAXh79oZss5QwkkZxoWcErU55RfXSxpump,eeepy,7.762e-05,21340.92,7.345e-05,22.87
2026-07-20 19:33:48,v12,3uZdHj8eG6bAXh79oZss5QwkkZxoWcErU55RfXSxpump,eeepy,7.762e-05,21340.92,7.345e-05,22.87
2026-07-20 19:34:08,v12,3uZdHj8eG6bAXh79oZss5QwkkZxoWcErU55RfXSxpump,eeepy,7.418e-05,20864.88,7.345e-05,22.87
2026-07-20 19:34:28,v12,3uZdHj8eG6bAXh79oZss5QwkkZxoWcErU55RfXSxpump,eeepy,7.901e-05,21536.46,7.345e-05,22.87
2026-07-20 19:34:48,v12,3uZdHj8eG6bAXh79oZss5QwkkZxoWcErU55RfXSxpump,eeepy,7.901e-05,21536.46,7.345e-05,22.87
2026-07-20 19:35:08,v12,3uZdHj8eG6bAXh79oZss5QwkkZxoWcErU55RfXSxpump,eeepy,8.044e-05,21731.83,7.345e-05,22.87
2026-07-20 19:35:28,v12,3uZdHj8eG6bAXh79oZss5QwkkZxoWcErU55RfXSxpump,eeepy,8.063e-05,21759.42,7.345e-05,22.87
2026-07-20 19:35:48,v12,3uZdHj8eG6bAXh79oZss5QwkkZxoWcErU55RfXSxpump,eeepy,8.063e-05,21759.42,7.345e-05,22.87
2026-07-20 19:36:09,v12,3uZdHj8eG6bAXh79oZss5QwkkZxoWcErU55RfXSxpump,eeepy,8.164e-05,21894.8,7.345e-05,22.87
2026-07-20 19:36:29,v12,3uZdHj8eG6bAXh79oZss5QwkkZxoWcErU55RfXSxpump,eeepy,8.307e-05,22085.76,7.345e-05,22.87
2026-07-20 19:36:49,v12,3uZdHj8eG6bAXh79oZss5QwkkZxoWcErU55RfXSxpump,eeepy,8.307e-05,22085.76,7.345e-05,22.87
2026-07-20 19:37:09,v12,3uZdHj8eG6bAXh79oZss5QwkkZxoWcErU55RfXSxpump,eeepy,8.317e-05,22099.31,7.345e-05,22.87
2026-07-20 19:37:29,v12,3uZdHj8eG6bAXh79oZss5QwkkZxoWcErU55RfXSxpump,eeepy,7.33e-05,20742.33,7.345e-05,22.87
2026-07-20 19:37:49,v12,3uZdHj8eG6bAXh79oZss5QwkkZxoWcErU55RfXSxpump,eeepy,7.33e-05,20742.33,7.345e-05,22.87
2026-07-20 19:38:09,v12,3uZdHj8eG6bAXh79oZss5QwkkZxoWcErU55RfXSxpump,eeepy,7.344e-05,20762.45,7.345e-05,22.87
2026-07-20 19:38:29,v12,3uZdHj8eG6bAXh79oZss5QwkkZxoWcErU55RfXSxpump,eeepy,7.205e-05,20565.86,7.345e-05,22.87
2026-07-20 19:38:49,v12,3uZdHj8eG6bAXh79oZss5QwkkZxoWcErU55RfXSxpump,eeepy,7.205e-05,20565.86,7.345e-05,22.87
2026-07-20 19:39:10,v12,3uZdHj8eG6bAXh79oZss5QwkkZxoWcErU55RfXSxpump,eeepy,8.11e-05,21821.89,7.345e-05,22.87
2026-07-20 19:39:30,v12,3uZdHj8eG6bAXh79oZss5QwkkZxoWcErU55RfXSxpump,eeepy,8.053e-05,21746.04,7.345e-05,22.87
2026-07-20 19:39:50,v12,3uZdHj8eG6bAXh79oZss5QwkkZxoWcErU55RfXSxpump,eeepy,8.053e-05,21746.04,7.345e-05,22.87
2026-07-20 19:40:10,v12,3uZdHj8eG6bAXh79oZss5QwkkZxoWcErU55RfXSxpump,eeepy,7.782e-05,21377.53,7.345e-05,22.87
2026-07-20 19:40:30,v12,3uZdHj8eG6bAXh79oZss5QwkkZxoWcErU55RfXSxpump,eeepy,7.942e-05,21597.44,7.345e-05,22.87
2026-07-20 19:40:50,v12,3uZdHj8eG6bAXh79oZss5QwkkZxoWcErU55RfXSxpump,eeepy,7.942e-05,21597.44,7.345e-05,22.87
2026-07-20 19:41:10,v12,3uZdHj8eG6bAXh79oZss5QwkkZxoWcErU55RfXSxpump,eeepy,8.144e-05,21869.37,7.345e-05,22.87
2026-07-20 19:41:30,v12,3uZdHj8eG6bAXh79oZss5QwkkZxoWcErU55RfXSxpump,eeepy,8.182e-05,21921.01,7.345e-05,22.87
2026-07-20 19:41:51,v12,3uZdHj8eG6bAXh79oZss5QwkkZxoWcErU55RfXSxpump,eeepy,8.182e-05,21921.01,7.345e-05,22.87
2026-07-20 19:42:11,v12,3uZdHj8eG6bAXh79oZss5QwkkZxoWcErU55RfXSxpump,eeepy,7.901e-05,21541.7,7.345e-05,22.87
2026-07-20 19:42:31,v12,3uZdHj8eG6bAXh79oZss5QwkkZxoWcErU55RfXSxpump,eeepy,7.603e-05,21122.54,7.345e-05,22.87
2026-07-20 19:42:51,v12,3uZdHj8eG6bAXh79oZss5QwkkZxoWcErU55RfXSxpump,eeepy,7.603e-05,21122.54,7.345e-05,22.87
2026-07-20 19:43:11,v12,3uZdHj8eG6bAXh79oZss5QwkkZxoWcErU55RfXSxpump,eeepy,7.222e-05,20587.21,7.345e-05,22.87
2026-07-20 19:43:31,v12,3uZdHj8eG6bAXh79oZss5QwkkZxoWcErU55RfXSxpump,eeepy,6.925e-05,20160.88,7.345e-05,22.87
2026-07-20 19:43:51,v12,3uZdHj8eG6bAXh79oZss5QwkkZxoWcErU55RfXSxpump,eeepy,6.925e-05,20160.88,7.345e-05,22.87
2026-07-20 19:44:11,v12,3uZdHj8eG6bAXh79oZss5QwkkZxoWcErU55RfXSxpump,eeepy,6.78e-05,19950.11,7.345e-05,22.87
2026-07-20 19:44:32,v12,3uZdHj8eG6bAXh79oZss5QwkkZxoWcErU55RfXSxpump,eeepy,6.817e-05,20005.5,7.345e-05,22.87
2026-07-20 19:44:52,v12,3uZdHj8eG6bAXh79oZss5QwkkZxoWcErU55RfXSxpump,eeepy,6.817e-05,20005.5,7.345e-05,22.87
2026-07-20 19:45:12,v12,3uZdHj8eG6bAXh79oZss5QwkkZxoWcErU55RfXSxpump,eeepy,6.131e-05,18976.3,7.345e-05,22.87
2026-07-20 19:54:32,v12,5v4Apahd9MZVUWt5qn5MV4ZsbsuRWavbvfmmwVkNpump,MOGCHILL,0.0007879,73114.32,0.0007879,0.0
2026-07-20 19:54:53,v12,5v4Apahd9MZVUWt5qn5MV4ZsbsuRWavbvfmmwVkNpump,MOGCHILL,0.000797,73543.65,0.0007879,1.15
2026-07-20 19:55:13,v12,5v4Apahd9MZVUWt5qn5MV4ZsbsuRWavbvfmmwVkNpump,MOGCHILL,0.0008214,74678.47,0.0007879,4.25
2026-07-20 19:55:33,v12,5v4Apahd9MZVUWt5qn5MV4ZsbsuRWavbvfmmwVkNpump,MOGCHILL,0.0008214,74678.47,0.0007879,4.25
2026-07-20 19:55:53,v12,5v4Apahd9MZVUWt5qn5MV4ZsbsuRWavbvfmmwVkNpump,MOGCHILL,0.0008429,75672.31,0.0007879,6.98
2026-07-20 19:56:13,v12,5v4Apahd9MZVUWt5qn5MV4ZsbsuRWavbvfmmwVkNpump,MOGCHILL,0.0007964,73571.2,0.0007879,6.98
2026-07-20 19:56:33,v12,5v4Apahd9MZVUWt5qn5MV4ZsbsuRWavbvfmmwVkNpump,MOGCHILL,0.0007964,73571.2,0.0007879,6.98
2026-07-20 19:56:53,v12,5v4Apahd9MZVUWt5qn5MV4ZsbsuRWavbvfmmwVkNpump,MOGCHILL,0.0008213,74719.94,0.0007879,6.98
2026-07-20 19:57:13,v12,5v4Apahd9MZVUWt5qn5MV4ZsbsuRWavbvfmmwVkNpump,MOGCHILL,0.0008412,75642.65,0.0007879,6.98
2026-07-20 19:57:33,v12,5v4Apahd9MZVUWt5qn5MV4ZsbsuRWavbvfmmwVkNpump,MOGCHILL,0.0008412,75642.65,0.0007879,6.98
2026-07-20 19:57:53,v12,5v4Apahd9MZVUWt5qn5MV4ZsbsuRWavbvfmmwVkNpump,MOGCHILL,0.0008376,75558.03,0.0007879,6.98
2026-07-20 19:58:14,v12,5v4Apahd9MZVUWt5qn5MV4ZsbsuRWavbvfmmwVkNpump,MOGCHILL,0.0008491,76098.05,0.0007879,7.77
2026-07-20 19:58:34,v12,5v4Apahd9MZVUWt5qn5MV4ZsbsuRWavbvfmmwVkNpump,MOGCHILL,0.0008491,76098.05,0.0007879,7.77
2026-07-20 19:58:54,v12,5v4Apahd9MZVUWt5qn5MV4ZsbsuRWavbvfmmwVkNpump,MOGCHILL,0.0008189,74763.63,0.0007879,7.77
2026-07-20 19:59:14,v12,5v4Apahd9MZVUWt5qn5MV4ZsbsuRWavbvfmmwVkNpump,MOGCHILL,0.0008553,76420.08,0.0007879,8.55
2026-07-20 19:59:34,v12,5v4Apahd9MZVUWt5qn5MV4ZsbsuRWavbvfmmwVkNpump,MOGCHILL,0.0008553,76420.08,0.0007879,8.55
2026-07-20 19:59:54,v12,5v4Apahd9MZVUWt5qn5MV4ZsbsuRWavbvfmmwVkNpump,MOGCHILL,0.0008595,76625.32,0.0007879,9.09
2026-07-20 20:00:14,v12,5v4Apahd9MZVUWt5qn5MV4ZsbsuRWavbvfmmwVkNpump,MOGCHILL,0.0008876,77889.69,0.0007879,12.65
2026-07-20 20:00:34,v12,5v4Apahd9MZVUWt5qn5MV4ZsbsuRWavbvfmmwVkNpump,MOGCHILL,0.0008876,77889.69,0.0007879,12.65
2026-07-20 20:00:54,v12,5v4Apahd9MZVUWt5qn5MV4ZsbsuRWavbvfmmwVkNpump,MOGCHILL,0.0009978,82609.38,0.0007879,26.64
2026-07-20 20:01:14,v12,5v4Apahd9MZVUWt5qn5MV4ZsbsuRWavbvfmmwVkNpump,MOGCHILL,0.000978,81812.81,0.0007879,26.64
2026-07-20 20:01:34,v12,5v4Apahd9MZVUWt5qn5MV4ZsbsuRWavbvfmmwVkNpump,MOGCHILL,0.000978,81812.81,0.0007879,26.64
2026-07-20 20:01:55,v12,5v4Apahd9MZVUWt5qn5MV4ZsbsuRWavbvfmmwVkNpump,MOGCHILL,0.0009922,82422.19,0.0007879,26.64
2026-07-20 20:02:15,v12,5v4Apahd9MZVUWt5qn5MV4ZsbsuRWavbvfmmwVkNpump,MOGCHILL,0.0009228,79500.6,0.0007879,26.64
2026-07-20 20:02:35,v12,5v4Apahd9MZVUWt5qn5MV4ZsbsuRWavbvfmmwVkNpump,MOGCHILL,0.0009228,79500.6,0.0007879,26.64
2026-07-20 20:02:55,v12,5v4Apahd9MZVUWt5qn5MV4ZsbsuRWavbvfmmwVkNpump,MOGCHILL,0.000976,81877.34,0.0007879,26.64
2026-07-20 20:03:15,v12,5v4Apahd9MZVUWt5qn5MV4ZsbsuRWavbvfmmwVkNpump,MOGCHILL,0.0009657,81466.17,0.0007879,26.64
2026-07-20 20:03:35,v12,5v4Apahd9MZVUWt5qn5MV4ZsbsuRWavbvfmmwVkNpump,MOGCHILL,0.0009657,81466.17,0.0007879,26.64
2026-07-20 20:03:56,v12,5v4Apahd9MZVUWt5qn5MV4ZsbsuRWavbvfmmwVkNpump,MOGCHILL,0.001034,84325.55,0.0007879,31.23
2026-07-20 20:04:16,v12,5v4Apahd9MZVUWt5qn5MV4ZsbsuRWavbvfmmwVkNpump,MOGCHILL,0.001019,83727.09,0.0007879,31.23
2026-07-20 20:04:36,v12,5v4Apahd9MZVUWt5qn5MV4ZsbsuRWavbvfmmwVkNpump,MOGCHILL,0.001019,83727.09,0.0007879,31.23
2026-07-20 20:04:56,v12,5v4Apahd9MZVUWt5qn5MV4ZsbsuRWavbvfmmwVkNpump,MOGCHILL,0.001049,85008.85,0.0007879,33.14
2026-07-20 20:05:16,v12,5v4Apahd9MZVUWt5qn5MV4ZsbsuRWavbvfmmwVkNpump,MOGCHILL,0.001124,88016.32,0.0007879,42.66
2026-07-20 20:05:36,v12,5v4Apahd9MZVUWt5qn5MV4ZsbsuRWavbvfmmwVkNpump,MOGCHILL,0.001124,88016.32,0.0007879,42.66
2026-07-20 20:05:56,v12,5v4Apahd9MZVUWt5qn5MV4ZsbsuRWavbvfmmwVkNpump,MOGCHILL,0.001133,88396.94,0.0007879,43.8
2026-07-20 20:06:16,v12,5v4Apahd9MZVUWt5qn5MV4ZsbsuRWavbvfmmwVkNpump,MOGCHILL,0.001042,84786.52,0.0007879,43.8
2026-07-20 20:06:36,v12,5v4Apahd9MZVUWt5qn5MV4ZsbsuRWavbvfmmwVkNpump,MOGCHILL,0.001042,84786.52,0.0007879,43.8
2026-07-20 20:06:57,v12,5v4Apahd9MZVUWt5qn5MV4ZsbsuRWavbvfmmwVkNpump,MOGCHILL,0.001129,88291.45,0.0007879,43.8
2026-07-20 20:07:17,v12,5v4Apahd9MZVUWt5qn5MV4ZsbsuRWavbvfmmwVkNpump,MOGCHILL,0.001095,86982.11,0.0007879,43.8
2026-07-20 20:07:37,v12,5v4Apahd9MZVUWt5qn5MV4ZsbsuRWavbvfmmwVkNpump,MOGCHILL,0.001095,86982.11,0.0007879,43.8
2026-07-20 20:07:57,v12,5v4Apahd9MZVUWt5qn5MV4ZsbsuRWavbvfmmwVkNpump,MOGCHILL,0.001108,87622.53,0.0007879,43.8
2026-07-20 20:08:17,v12,5v4Apahd9MZVUWt5qn5MV4ZsbsuRWavbvfmmwVkNpump,MOGCHILL,0.001159,89636.82,0.0007879,47.1
2026-07-20 20:08:37,v12,5v4Apahd9MZVUWt5qn5MV4ZsbsuRWavbvfmmwVkNpump,MOGCHILL,0.001159,89636.82,0.0007879,47.1
2026-07-20 20:08:57,v12,5v4Apahd9MZVUWt5qn5MV4ZsbsuRWavbvfmmwVkNpump,MOGCHILL,0.001094,87138.47,0.0007879,47.1
2026-07-20 20:09:18,v12,5v4Apahd9MZVUWt5qn5MV4ZsbsuRWavbvfmmwVkNpump,MOGCHILL,0.001158,89689.15,0.0007879,47.1
2026-07-20 20:09:18,v12,5gwe1GmHQcWAGeqcJ7H7ESLAkXq2xJ6cY7JiVgCnpump,MOONY,7.91e-05,21186.66,7.936e-05,0.0
2026-07-20 20:09:38,v12,5v4Apahd9MZVUWt5qn5MV4ZsbsuRWavbvfmmwVkNpump,MOGCHILL,0.001158,89689.15,0.0007879,47.1
2026-07-20 20:09:38,v12,5gwe1GmHQcWAGeqcJ7H7ESLAkXq2xJ6cY7JiVgCnpump,MOONY,7.91e-05,21186.66,7.936e-05,0.0
2026-07-20 20:09:58,v12,5v4Apahd9MZVUWt5qn5MV4ZsbsuRWavbvfmmwVkNpump,MOGCHILL,0.001135,88855.71,0.0007879,47.1
2026-07-20 20:09:58,v12,5gwe1GmHQcWAGeqcJ7H7ESLAkXq2xJ6cY7JiVgCnpump,MOONY,8.052e-05,21376.46,7.936e-05,1.46
2026-07-20 20:10:18,v12,5v4Apahd9MZVUWt5qn5MV4ZsbsuRWavbvfmmwVkNpump,MOGCHILL,0.001135,88855.71,0.0007879,47.1
2026-07-20 20:10:18,v12,5gwe1GmHQcWAGeqcJ7H7ESLAkXq2xJ6cY7JiVgCnpump,MOONY,8.052e-05,21376.46,7.936e-05,1.46
2026-07-20 20:10:39,v12,5v4Apahd9MZVUWt5qn5MV4ZsbsuRWavbvfmmwVkNpump,MOGCHILL,0.001189,90948.43,0.0007879,50.91
2026-07-20 20:10:39,v12,5gwe1GmHQcWAGeqcJ7H7ESLAkXq2xJ6cY7JiVgCnpump,MOONY,8.099e-05,21439.9,7.936e-05,2.05
2026-07-20 20:10:59,v12,5v4Apahd9MZVUWt5qn5MV4ZsbsuRWavbvfmmwVkNpump,MOGCHILL,0.001189,90948.43,0.0008877220695536815,33.94
2026-07-20 20:10:59,v12,5gwe1GmHQcWAGeqcJ7H7ESLAkXq2xJ6cY7JiVgCnpump,MOONY,8.099e-05,21439.9,7.936e-05,2.05
2026-07-20 20:11:19,v12,5v4Apahd9MZVUWt5qn5MV4ZsbsuRWavbvfmmwVkNpump,MOGCHILL,0.001185,90801.37,0.0008877220695536815,33.94
2026-07-20 20:11:19,v12,5gwe1GmHQcWAGeqcJ7H7ESLAkXq2xJ6cY7JiVgCnpump,MOONY,8.069e-05,21399.85,7.936e-05,2.05
2026-07-20 20:11:39,v12,5v4Apahd9MZVUWt5qn5MV4ZsbsuRWavbvfmmwVkNpump,MOGCHILL,0.001185,90801.37,0.0008877220695536815,33.94
2026-07-20 20:11:39,v12,5gwe1GmHQcWAGeqcJ7H7ESLAkXq2xJ6cY7JiVgCnpump,MOONY,8.069e-05,21399.85,7.936e-05,2.05
2026-07-20 20:12:00,v12,5v4Apahd9MZVUWt5qn5MV4ZsbsuRWavbvfmmwVkNpump,MOGCHILL,0.001175,90472.21,0.0008877220695536815,33.94
2026-07-20 20:12:00,v12,5gwe1GmHQcWAGeqcJ7H7ESLAkXq2xJ6cY7JiVgCnpump,MOONY,8.088e-05,21425.18,7.936e-05,2.05
2026-07-20 20:12:20,v12,5v4Apahd9MZVUWt5qn5MV4ZsbsuRWavbvfmmwVkNpump,MOGCHILL,0.001175,90472.21,0.0008877220695536815,33.94
2026-07-20 20:12:20,v12,5gwe1GmHQcWAGeqcJ7H7ESLAkXq2xJ6cY7JiVgCnpump,MOONY,8.088e-05,21425.18,7.936e-05,2.05
2026-07-20 20:12:40,v12,5v4Apahd9MZVUWt5qn5MV4ZsbsuRWavbvfmmwVkNpump,MOGCHILL,0.001155,89702.33,0.0008877220695536815,33.94
2026-07-20 20:12:40,v12,5gwe1GmHQcWAGeqcJ7H7ESLAkXq2xJ6cY7JiVgCnpump,MOONY,8.011e-05,21320.5,7.936e-05,2.05
2026-07-20 20:13:00,v12,5v4Apahd9MZVUWt5qn5MV4ZsbsuRWavbvfmmwVkNpump,MOGCHILL,0.001155,89702.33,0.0008877220695536815,33.94
2026-07-20 20:13:00,v12,5gwe1GmHQcWAGeqcJ7H7ESLAkXq2xJ6cY7JiVgCnpump,MOONY,8.011e-05,21320.5,7.936e-05,2.05
2026-07-20 20:13:21,v12,5v4Apahd9MZVUWt5qn5MV4ZsbsuRWavbvfmmwVkNpump,MOGCHILL,0.001141,89222.03,0.0008877220695536815,33.94
2026-07-20 20:13:21,v12,5gwe1GmHQcWAGeqcJ7H7ESLAkXq2xJ6cY7JiVgCnpump,MOONY,7.997e-05,21302.99,7.936e-05,2.05
2026-07-20 20:13:41,v12,5v4Apahd9MZVUWt5qn5MV4ZsbsuRWavbvfmmwVkNpump,MOGCHILL,0.001141,89222.03,0.0008877220695536815,33.94
2026-07-20 20:13:41,v12,5gwe1GmHQcWAGeqcJ7H7ESLAkXq2xJ6cY7JiVgCnpump,MOONY,7.997e-05,21302.99,7.936e-05,2.05
2026-07-20 20:14:01,v12,5v4Apahd9MZVUWt5qn5MV4ZsbsuRWavbvfmmwVkNpump,MOGCHILL,0.001133,88918.16,0.0008877220695536815,33.94
2026-07-20 20:14:01,v12,5gwe1GmHQcWAGeqcJ7H7ESLAkXq2xJ6cY7JiVgCnpump,MOONY,7.549e-05,20698.33,7.936e-05,2.05
2026-07-20 20:14:21,v12,5v4Apahd9MZVUWt5qn5MV4ZsbsuRWavbvfmmwVkNpump,MOGCHILL,0.001133,88918.16,0.0008877220695536815,33.94
2026-07-20 20:14:21,v12,5gwe1GmHQcWAGeqcJ7H7ESLAkXq2xJ6cY7JiVgCnpump,MOONY,7.549e-05,20698.33,7.936e-05,2.05
2026-07-20 20:14:41,v12,5v4Apahd9MZVUWt5qn5MV4ZsbsuRWavbvfmmwVkNpump,MOGCHILL,0.001002,83645.24,0.0008877220695536815,33.94
2026-07-20 20:14:41,v12,5gwe1GmHQcWAGeqcJ7H7ESLAkXq2xJ6cY7JiVgCnpump,MOONY,7.835e-05,21095.12,7.936e-05,2.05
2026-07-20 20:15:01,v12,5v4Apahd9MZVUWt5qn5MV4ZsbsuRWavbvfmmwVkNpump,MOGCHILL,0.001002,83645.24,0.0008877220695536815,33.94
2026-07-20 20:15:01,v12,5gwe1GmHQcWAGeqcJ7H7ESLAkXq2xJ6cY7JiVgCnpump,MOONY,7.835e-05,21095.12,7.936e-05,2.05
2026-07-20 20:15:22,v12,5v4Apahd9MZVUWt5qn5MV4ZsbsuRWavbvfmmwVkNpump,MOGCHILL,0.001032,84924.21,0.0008877220695536815,33.94
2026-07-20 20:15:22,v12,5gwe1GmHQcWAGeqcJ7H7ESLAkXq2xJ6cY7JiVgCnpump,MOONY,7.063e-05,20029.23,7.936e-05,2.05
2026-07-20 20:15:42,v12,5v4Apahd9MZVUWt5qn5MV4ZsbsuRWavbvfmmwVkNpump,MOGCHILL,0.001032,84924.21,0.0008877220695536815,33.94
2026-07-20 20:15:42,v12,5gwe1GmHQcWAGeqcJ7H7ESLAkXq2xJ6cY7JiVgCnpump,MOONY,7.063e-05,20029.23,7.936e-05,2.05
2026-07-20 20:16:02,v12,5v4Apahd9MZVUWt5qn5MV4ZsbsuRWavbvfmmwVkNpump,MOGCHILL,0.001033,84956.06,0.0008877220695536815,33.94
2026-07-20 20:16:02,v12,5gwe1GmHQcWAGeqcJ7H7ESLAkXq2xJ6cY7JiVgCnpump,MOONY,7.127e-05,20121.28,7.936e-05,2.05
2026-07-20 20:16:22,v12,5v4Apahd9MZVUWt5qn5MV4ZsbsuRWavbvfmmwVkNpump,MOGCHILL,0.001033,84956.06,0.0008877220695536815,33.94
2026-07-20 20:16:22,v12,5gwe1GmHQcWAGeqcJ7H7ESLAkXq2xJ6cY7JiVgCnpump,MOONY,7.127e-05,20121.28,7.936e-05,2.05
2026-07-20 20:16:43,v12,5v4Apahd9MZVUWt5qn5MV4ZsbsuRWavbvfmmwVkNpump,MOGCHILL,0.001051,85731.09,0.0008877220695536815,33.94
2026-07-20 20:16:43,v12,5gwe1GmHQcWAGeqcJ7H7ESLAkXq2xJ6cY7JiVgCnpump,MOONY,7.103e-05,20087.55,7.936e-05,2.05
2026-07-20 20:17:03,v12,5v4Apahd9MZVUWt5qn5MV4ZsbsuRWavbvfmmwVkNpump,MOGCHILL,0.001051,85731.09,0.0008877220695536815,33.94
2026-07-20 20:17:03,v12,5gwe1GmHQcWAGeqcJ7H7ESLAkXq2xJ6cY7JiVgCnpump,MOONY,7.103e-05,20087.55,7.936e-05,2.05
2026-07-20 20:17:23,v12,5v4Apahd9MZVUWt5qn5MV4ZsbsuRWavbvfmmwVkNpump,MOGCHILL,0.001094,87524.33,0.0008877220695536815,33.94
2026-07-20 20:17:23,v12,5gwe1GmHQcWAGeqcJ7H7ESLAkXq2xJ6cY7JiVgCnpump,MOONY,7.071e-05,20041.96,7.936e-05,2.05
2026-07-20 20:17:43,v12,5v4Apahd9MZVUWt5qn5MV4ZsbsuRWavbvfmmwVkNpump,MOGCHILL,0.001094,87524.33,0.0008877220695536815,33.94
2026-07-20 20:17:43,v12,5gwe1GmHQcWAGeqcJ7H7ESLAkXq2xJ6cY7JiVgCnpump,MOONY,7.071e-05,20041.96,7.936e-05,2.05
2026-07-20 20:18:04,v12,5v4Apahd9MZVUWt5qn5MV4ZsbsuRWavbvfmmwVkNpump,MOGCHILL,0.001039,85470.74,0.0008877220695536815,33.94
2026-07-20 20:18:04,v12,5gwe1GmHQcWAGeqcJ7H7ESLAkXq2xJ6cY7JiVgCnpump,MOONY,7.242e-05,20315.74,7.936e-05,2.05
2026-07-20 20:18:24,v12,5v4Apahd9MZVUWt5qn5MV4ZsbsuRWavbvfmmwVkNpump,MOGCHILL,0.001039,85470.74,0.0008877220695536815,33.94
2026-07-20 20:18:24,v12,5gwe1GmHQcWAGeqcJ7H7ESLAkXq2xJ6cY7JiVgCnpump,MOONY,7.242e-05,20315.74,7.936e-05,2.05
2026-07-20 20:18:44,v12,5v4Apahd9MZVUWt5qn5MV4ZsbsuRWavbvfmmwVkNpump,MOGCHILL,0.001028,85097.34,0.0008877220695536815,33.94
2026-07-20 20:18:44,v12,5gwe1GmHQcWAGeqcJ7H7ESLAkXq2xJ6cY7JiVgCnpump,MOONY,7.148e-05,20184.24,7.936e-05,2.05
2026-07-20 20:19:04,v12,5v4Apahd9MZVUWt5qn5MV4ZsbsuRWavbvfmmwVkNpump,MOGCHILL,0.001028,85097.34,0.0008877220695536815,33.94
2026-07-20 20:19:04,v12,5gwe1GmHQcWAGeqcJ7H7ESLAkXq2xJ6cY7JiVgCnpump,MOONY,7.148e-05,20184.24,7.936e-05,2.05
2026-07-20 20:19:24,v12,5v4Apahd9MZVUWt5qn5MV4ZsbsuRWavbvfmmwVkNpump,MOGCHILL,0.0009672,82529.29,0.0008877220695536815,33.94
2026-07-20 20:19:24,v12,5gwe1GmHQcWAGeqcJ7H7ESLAkXq2xJ6cY7JiVgCnpump,MOONY,7.182e-05,20232.32,7.936e-05,2.05
2026-07-20 20:19:45,v12,5gwe1GmHQcWAGeqcJ7H7ESLAkXq2xJ6cY7JiVgCnpump,MOONY,7.182e-05,20232.32,7.936e-05,2.05
2026-07-20 20:20:05,v12,5gwe1GmHQcWAGeqcJ7H7ESLAkXq2xJ6cY7JiVgCnpump,MOONY,7.117e-05,20140.81,7.936e-05,2.05
2026-07-20 20:20:25,v12,5gwe1GmHQcWAGeqcJ7H7ESLAkXq2xJ6cY7JiVgCnpump,MOONY,7.221e-05,20286.81,7.936e-05,2.05
2026-07-20 20:20:45,v12,5gwe1GmHQcWAGeqcJ7H7ESLAkXq2xJ6cY7JiVgCnpump,MOONY,7.221e-05,20286.81,7.936e-05,2.05
2026-07-20 20:21:05,v12,5gwe1GmHQcWAGeqcJ7H7ESLAkXq2xJ6cY7JiVgCnpump,MOONY,7.168e-05,20213.15,7.936e-05,2.05
2026-07-20 20:21:25,v12,5gwe1GmHQcWAGeqcJ7H7ESLAkXq2xJ6cY7JiVgCnpump,MOONY,7.227e-05,20296.61,7.936e-05,2.05
2026-07-20 20:37:46,v12,98KqVYXFNeAC5SuvmC2PXcf6e5dXcqh4nJiGKiCmpump,Bella,7.108e-05,20544.39,7.108e-05,0.0
2026-07-20 20:38:06,v12,98KqVYXFNeAC5SuvmC2PXcf6e5dXcqh4nJiGKiCmpump,Bella,7.108e-05,20544.39,7.108e-05,0.0
2026-07-20 20:38:26,v12,98KqVYXFNeAC5SuvmC2PXcf6e5dXcqh4nJiGKiCmpump,Bella,6.855e-05,20176.81,7.108e-05,0.0
2026-07-20 20:38:46,v12,98KqVYXFNeAC5SuvmC2PXcf6e5dXcqh4nJiGKiCmpump,Bella,6.444e-05,19563.09,7.108e-05,0.0
2026-07-20 20:39:06,v12,98KqVYXFNeAC5SuvmC2PXcf6e5dXcqh4nJiGKiCmpump,Bella,6.444e-05,19563.09,7.108e-05,0.0
2026-07-20 20:39:26,v12,98KqVYXFNeAC5SuvmC2PXcf6e5dXcqh4nJiGKiCmpump,Bella,6.107e-05,19048.06,7.108e-05,0.0
2026-07-20 20:49:47,v12,APUdgwRukBwVDWpHwXiieQzaK3c3fQybt3LPhb58pump,CHAMPS,0.0004587,53269.36,0.0004587,0.0
2026-07-20 20:50:07,v12,APUdgwRukBwVDWpHwXiieQzaK3c3fQybt3LPhb58pump,CHAMPS,0.0004365,51973.82,0.0004587,0.0
2026-07-20 20:50:27,v12,APUdgwRukBwVDWpHwXiieQzaK3c3fQybt3LPhb58pump,CHAMPS,0.0004345,51857.92,0.0004587,0.0
2026-07-20 20:50:48,v12,APUdgwRukBwVDWpHwXiieQzaK3c3fQybt3LPhb58pump,CHAMPS,0.0004345,51857.92,0.0004587,0.0
2026-07-20 20:51:08,v12,APUdgwRukBwVDWpHwXiieQzaK3c3fQybt3LPhb58pump,CHAMPS,0.0004437,52411.64,0.0004587,0.0
2026-07-20 20:51:28,v12,APUdgwRukBwVDWpHwXiieQzaK3c3fQybt3LPhb58pump,CHAMPS,0.0004611,53430.33,0.0004587,0.52
2026-07-20 20:51:48,v12,APUdgwRukBwVDWpHwXiieQzaK3c3fQybt3LPhb58pump,CHAMPS,0.0004611,53430.33,0.0004587,0.52
2026-07-20 20:52:08,v12,APUdgwRukBwVDWpHwXiieQzaK3c3fQybt3LPhb58pump,CHAMPS,0.0004938,55298.91,0.0004587,7.65
2026-07-20 20:52:28,v12,APUdgwRukBwVDWpHwXiieQzaK3c3fQybt3LPhb58pump,CHAMPS,0.0004967,55486.75,0.0004587,8.28
2026-07-20 20:52:48,v12,APUdgwRukBwVDWpHwXiieQzaK3c3fQybt3LPhb58pump,CHAMPS,0.0004967,55486.75,0.0004587,8.28
2026-07-20 20:53:08,v12,APUdgwRukBwVDWpHwXiieQzaK3c3fQybt3LPhb58pump,CHAMPS,0.0004867,54926.78,0.0004587,8.28
2026-07-20 20:53:29,v12,APUdgwRukBwVDWpHwXiieQzaK3c3fQybt3LPhb58pump,CHAMPS,0.0004859,54890.27,0.0004587,8.28
2026-07-20 20:53:49,v12,APUdgwRukBwVDWpHwXiieQzaK3c3fQybt3LPhb58pump,CHAMPS,0.0004859,54890.27,0.0004587,8.28
2026-07-20 20:54:09,v12,APUdgwRukBwVDWpHwXiieQzaK3c3fQybt3LPhb58pump,CHAMPS,0.0004856,54876.59,0.0004587,8.28
2026-07-20 20:54:29,v12,APUdgwRukBwVDWpHwXiieQzaK3c3fQybt3LPhb58pump,CHAMPS,0.0004817,54659.92,0.0004587,8.28
2026-07-20 20:54:49,v12,APUdgwRukBwVDWpHwXiieQzaK3c3fQybt3LPhb58pump,CHAMPS,0.0004817,54659.92,0.0004587,8.28
2026-07-20 20:55:09,v12,APUdgwRukBwVDWpHwXiieQzaK3c3fQybt3LPhb58pump,CHAMPS,0.0004126,50590.74,0.0004587,8.28
2026-07-20 20:55:29,v12,APUdgwRukBwVDWpHwXiieQzaK3c3fQybt3LPhb58pump,CHAMPS,0.0004604,53444.15,0.0004587,8.28
2026-07-20 20:55:49,v12,APUdgwRukBwVDWpHwXiieQzaK3c3fQybt3LPhb58pump,CHAMPS,0.0004604,53444.15,0.0004587,8.28
2026-07-20 20:56:14,v12,APUdgwRukBwVDWpHwXiieQzaK3c3fQybt3LPhb58pump,CHAMPS,0.0004754,54310,0.0004587,8.28
2026-07-20 20:56:35,v12,APUdgwRukBwVDWpHwXiieQzaK3c3fQybt3LPhb58pump,CHAMPS,0.000505,55978.62,0.0004587,10.09
2026-07-20 20:56:55,v12,APUdgwRukBwVDWpHwXiieQzaK3c3fQybt3LPhb58pump,CHAMPS,0.000505,55978.62,0.0004587,10.09
2026-07-20 20:57:15,v12,APUdgwRukBwVDWpHwXiieQzaK3c3fQybt3LPhb58pump,CHAMPS,0.0005437,58089.75,0.0004587,18.53
2026-07-20 20:57:35,v12,APUdgwRukBwVDWpHwXiieQzaK3c3fQybt3LPhb58pump,CHAMPS,0.0006145,61719.81,0.0004587,33.97
2026-07-20 20:57:55,v12,APUdgwRukBwVDWpHwXiieQzaK3c3fQybt3LPhb58pump,CHAMPS,0.0006145,61719.81,0.0004587,33.97
2026-07-20 20:58:15,v12,APUdgwRukBwVDWpHwXiieQzaK3c3fQybt3LPhb58pump,CHAMPS,0.0006431,63144.79,0.0004587,40.2
2026-07-20 20:58:35,v12,APUdgwRukBwVDWpHwXiieQzaK3c3fQybt3LPhb58pump,CHAMPS,0.0006298,62493.82,0.0004587,40.2
2026-07-20 20:58:56,v12,APUdgwRukBwVDWpHwXiieQzaK3c3fQybt3LPhb58pump,CHAMPS,0.0006298,62493.82,0.0004587,40.2
2026-07-20 20:59:16,v12,APUdgwRukBwVDWpHwXiieQzaK3c3fQybt3LPhb58pump,CHAMPS,0.0006836,65115.73,0.0004587,49.03
2026-07-20 20:59:36,v12,APUdgwRukBwVDWpHwXiieQzaK3c3fQybt3LPhb58pump,CHAMPS,0.0007107,66400.22,0.0004587,54.94
2026-07-20 20:59:56,v12,APUdgwRukBwVDWpHwXiieQzaK3c3fQybt3LPhb58pump,CHAMPS,0.0007107,66400.22,0.00052018204882719,36.63
2026-07-20 21:00:16,v12,APUdgwRukBwVDWpHwXiieQzaK3c3fQybt3LPhb58pump,CHAMPS,0.000696,65715.33,0.00052018204882719,36.63
2026-07-20 21:00:36,v12,APUdgwRukBwVDWpHwXiieQzaK3c3fQybt3LPhb58pump,CHAMPS,0.0006881,65348.4,0.00052018204882719,36.63
2026-07-20 21:00:57,v12,APUdgwRukBwVDWpHwXiieQzaK3c3fQybt3LPhb58pump,CHAMPS,0.0006881,65348.4,0.00052018204882719,36.63
2026-07-20 21:01:17,v12,APUdgwRukBwVDWpHwXiieQzaK3c3fQybt3LPhb58pump,CHAMPS,0.0006526,63652.94,0.00052018204882719,36.63
2026-07-20 21:01:37,v12,APUdgwRukBwVDWpHwXiieQzaK3c3fQybt3LPhb58pump,CHAMPS,0.0006662,64316.11,0.00052018204882719,36.63
2026-07-20 21:01:57,v12,APUdgwRukBwVDWpHwXiieQzaK3c3fQybt3LPhb58pump,CHAMPS,0.0006662,64316.11,0.00052018204882719,36.63
2026-07-20 21:02:17,v12,APUdgwRukBwVDWpHwXiieQzaK3c3fQybt3LPhb58pump,CHAMPS,0.0005921,60641.26,0.00052018204882719,36.63
2026-07-20 21:02:37,v12,APUdgwRukBwVDWpHwXiieQzaK3c3fQybt3LPhb58pump,CHAMPS,0.0006096,61523.23,0.00052018204882719,36.63
2026-07-20 21:02:58,v12,APUdgwRukBwVDWpHwXiieQzaK3c3fQybt3LPhb58pump,CHAMPS,0.0006096,61523.23,0.00052018204882719,36.63
2026-07-20 21:03:18,v12,APUdgwRukBwVDWpHwXiieQzaK3c3fQybt3LPhb58pump,CHAMPS,0.0006197,62037.62,0.00052018204882719,36.63
2026-07-20 21:03:38,v12,APUdgwRukBwVDWpHwXiieQzaK3c3fQybt3LPhb58pump,CHAMPS,0.0006047,61290.74,0.00052018204882719,36.63
2026-07-20 21:03:58,v12,APUdgwRukBwVDWpHwXiieQzaK3c3fQybt3LPhb58pump,CHAMPS,0.0006047,61290.74,0.00052018204882719,36.63
2026-07-20 21:04:18,v12,APUdgwRukBwVDWpHwXiieQzaK3c3fQybt3LPhb58pump,CHAMPS,0.0006113,61628.5,0.00052018204882719,36.63
2026-07-20 21:04:38,v12,APUdgwRukBwVDWpHwXiieQzaK3c3fQybt3LPhb58pump,CHAMPS,0.0006208,62107.37,0.00052018204882719,36.63
2026-07-20 21:04:58,v12,APUdgwRukBwVDWpHwXiieQzaK3c3fQybt3LPhb58pump,CHAMPS,0.0006208,62107.37,0.00052018204882719,36.63
2026-07-20 21:05:18,v12,APUdgwRukBwVDWpHwXiieQzaK3c3fQybt3LPhb58pump,CHAMPS,0.0006409,63106.94,0.00052018204882719,36.63
2026-07-20 21:05:39,v12,APUdgwRukBwVDWpHwXiieQzaK3c3fQybt3LPhb58pump,CHAMPS,0.0005519,58572.9,0.00052018204882719,36.63
2026-07-20 21:46:20,v12,6d182kcKKrG9nAchcjvN2FQeGSG5nnTyQWVqE48jpump,PUMPSEM,0.0001347,28180.03,0.0001347,0.0
2026-07-20 21:46:40,v12,6d182kcKKrG9nAchcjvN2FQeGSG5nnTyQWVqE48jpump,PUMPSEM,0.0001373,28451.38,0.0001347,1.93
2026-07-20 21:47:00,v12,6d182kcKKrG9nAchcjvN2FQeGSG5nnTyQWVqE48jpump,PUMPSEM,0.0001373,28451.38,0.0001347,1.93
2026-07-20 21:47:21,v12,6d182kcKKrG9nAchcjvN2FQeGSG5nnTyQWVqE48jpump,PUMPSEM,0.0001476,29513.69,0.0001347,9.58
2026-07-20 21:47:41,v12,6d182kcKKrG9nAchcjvN2FQeGSG5nnTyQWVqE48jpump,PUMPSEM,0.0001527,30020.21,0.0001347,13.36
2026-07-20 21:48:01,v12,6d182kcKKrG9nAchcjvN2FQeGSG5nnTyQWVqE48jpump,PUMPSEM,0.0001527,30020.21,0.0001347,13.36
2026-07-20 21:48:21,v12,6d182kcKKrG9nAchcjvN2FQeGSG5nnTyQWVqE48jpump,PUMPSEM,0.0001485,29606.55,0.0001347,13.36
2026-07-20 21:48:41,v12,6d182kcKKrG9nAchcjvN2FQeGSG5nnTyQWVqE48jpump,PUMPSEM,0.0001429,29052.22,0.0001347,13.36
2026-07-20 21:49:01,v12,6d182kcKKrG9nAchcjvN2FQeGSG5nnTyQWVqE48jpump,PUMPSEM,0.0001429,29052.22,0.0001347,13.36
2026-07-20 21:49:21,v12,6d182kcKKrG9nAchcjvN2FQeGSG5nnTyQWVqE48jpump,PUMPSEM,0.0001428,29038.38,0.0001347,13.36
2026-07-20 21:49:41,v12,6d182kcKKrG9nAchcjvN2FQeGSG5nnTyQWVqE48jpump,PUMPSEM,0.0001435,29115.34,0.0001347,13.36
2026-07-20 21:50:01,v12,6d182kcKKrG9nAchcjvN2FQeGSG5nnTyQWVqE48jpump,PUMPSEM,0.0001435,29115.34,0.0001347,13.36
2026-07-20 21:50:21,v12,6d182kcKKrG9nAchcjvN2FQeGSG5nnTyQWVqE48jpump,PUMPSEM,0.0001769,32332.68,0.0001347,31.33
2026-07-20 21:50:42,v12,6d182kcKKrG9nAchcjvN2FQeGSG5nnTyQWVqE48jpump,PUMPSEM,0.0001732,32002.63,0.0001347,31.33
2026-07-20 21:51:02,v12,6d182kcKKrG9nAchcjvN2FQeGSG5nnTyQWVqE48jpump,PUMPSEM,0.0001732,32002.63,0.0001347,31.33
2026-07-20 21:51:22,v12,6d182kcKKrG9nAchcjvN2FQeGSG5nnTyQWVqE48jpump,PUMPSEM,0.0001815,32768.55,0.0001347,34.74
2026-07-20 21:51:42,v12,6d182kcKKrG9nAchcjvN2FQeGSG5nnTyQWVqE48jpump,PUMPSEM,0.0001791,32546.81,0.0001347,34.74
2026-07-20 21:52:02,v12,6d182kcKKrG9nAchcjvN2FQeGSG5nnTyQWVqE48jpump,PUMPSEM,0.0001791,32546.81,0.0001347,34.74
2026-07-20 21:52:22,v12,6d182kcKKrG9nAchcjvN2FQeGSG5nnTyQWVqE48jpump,PUMPSEM,0.0001774,32402.1,0.0001347,34.74
2026-07-20 21:52:42,v12,6d182kcKKrG9nAchcjvN2FQeGSG5nnTyQWVqE48jpump,PUMPSEM,0.0001782,32487.65,0.0001347,34.74
2026-07-20 21:53:02,v12,6d182kcKKrG9nAchcjvN2FQeGSG5nnTyQWVqE48jpump,PUMPSEM,0.0001782,32487.65,0.0001347,34.74
2026-07-20 21:53:22,v12,6d182kcKKrG9nAchcjvN2FQeGSG5nnTyQWVqE48jpump,PUMPSEM,0.0001889,33453.61,0.0001347,40.24
2026-07-20 21:53:42,v12,6d182kcKKrG9nAchcjvN2FQeGSG5nnTyQWVqE48jpump,PUMPSEM,0.000164,31173.32,0.0001347,40.24
2026-07-20 21:54:03,v12,6d182kcKKrG9nAchcjvN2FQeGSG5nnTyQWVqE48jpump,PUMPSEM,0.000164,31173.32,0.0001347,40.24
2026-07-20 21:54:23,v12,6d182kcKKrG9nAchcjvN2FQeGSG5nnTyQWVqE48jpump,PUMPSEM,0.0001638,31158,0.0001347,40.24
2026-07-20 21:54:43,v12,6d182kcKKrG9nAchcjvN2FQeGSG5nnTyQWVqE48jpump,PUMPSEM,0.0001555,30371.17,0.0001347,40.24
2026-07-20 21:55:03,v12,6d182kcKKrG9nAchcjvN2FQeGSG5nnTyQWVqE48jpump,PUMPSEM,0.0001555,30371.17,0.0001347,40.24
2026-07-20 21:55:23,v12,6d182kcKKrG9nAchcjvN2FQeGSG5nnTyQWVqE48jpump,PUMPSEM,0.000145,29337.67,0.0001347,40.24
2026-07-21 00:06:06,v12,6wCpTaxLmCeBdsazRebYNHtFNC1mPJDWKscHHVwkpump,Jimhood,0.0008717,71952.52,0.0008717,0.0
2026-07-21 00:06:26,v12,6wCpTaxLmCeBdsazRebYNHtFNC1mPJDWKscHHVwkpump,Jimhood,0.0008641,71655.03,0.0008717,0.0
2026-07-21 00:06:46,v12,6wCpTaxLmCeBdsazRebYNHtFNC1mPJDWKscHHVwkpump,Jimhood,0.00072,65430.88,0.0008717,0.0
2026-07-21 00:35:18,v12,B33A6hgEH8bB5u4QgLNqRbDUhN9SiXr7FeXDxHEkpump,1jimothy,0.001698,103453.54,0.001698,0.0
2026-07-21 00:35:38,v12,B33A6hgEH8bB5u4QgLNqRbDUhN9SiXr7FeXDxHEkpump,1jimothy,0.001818,107091.87,0.001698,7.07
2026-07-21 00:35:58,v12,B33A6hgEH8bB5u4QgLNqRbDUhN9SiXr7FeXDxHEkpump,1jimothy,0.001818,107091.87,0.001698,7.07
2026-07-21 00:36:18,v12,B33A6hgEH8bB5u4QgLNqRbDUhN9SiXr7FeXDxHEkpump,1jimothy,0.001786,106205.75,0.001698,7.07
2026-07-21 00:36:38,v12,B33A6hgEH8bB5u4QgLNqRbDUhN9SiXr7FeXDxHEkpump,1jimothy,0.001731,104592.05,0.001698,7.07
2026-07-21 00:36:58,v12,B33A6hgEH8bB5u4QgLNqRbDUhN9SiXr7FeXDxHEkpump,1jimothy,0.001731,104592.05,0.001698,7.07
2026-07-21 00:37:18,v12,B33A6hgEH8bB5u4QgLNqRbDUhN9SiXr7FeXDxHEkpump,1jimothy,0.001673,102854,0.001698,7.07
2026-07-21 00:37:38,v12,B33A6hgEH8bB5u4QgLNqRbDUhN9SiXr7FeXDxHEkpump,1jimothy,0.001726,104454.39,0.001698,7.07
2026-07-21 00:37:58,v12,B33A6hgEH8bB5u4QgLNqRbDUhN9SiXr7FeXDxHEkpump,1jimothy,0.001726,104454.39,0.001698,7.07
2026-07-21 00:38:18,v12,B33A6hgEH8bB5u4QgLNqRbDUhN9SiXr7FeXDxHEkpump,1jimothy,0.001708,103941.53,0.001698,7.07
2026-07-21 00:38:39,v12,B33A6hgEH8bB5u4QgLNqRbDUhN9SiXr7FeXDxHEkpump,1jimothy,0.001628,101496.1,0.001698,7.07
2026-07-21 00:38:59,v12,B33A6hgEH8bB5u4QgLNqRbDUhN9SiXr7FeXDxHEkpump,1jimothy,0.001628,101496.1,0.001698,7.07
2026-07-21 00:39:19,v12,B33A6hgEH8bB5u4QgLNqRbDUhN9SiXr7FeXDxHEkpump,1jimothy,0.001497,97341.6,0.001698,7.07
2026-07-21 00:39:39,v12,B33A6hgEH8bB5u4QgLNqRbDUhN9SiXr7FeXDxHEkpump,1jimothy,0.001627,101536.58,0.001698,7.07
2026-07-21 00:39:59,v12,B33A6hgEH8bB5u4QgLNqRbDUhN9SiXr7FeXDxHEkpump,1jimothy,0.001627,101536.58,0.001698,7.07
2026-07-21 00:40:19,v12,B33A6hgEH8bB5u4QgLNqRbDUhN9SiXr7FeXDxHEkpump,1jimothy,0.001543,98889.78,0.001698,7.07
2026-07-21 00:40:39,v12,B33A6hgEH8bB5u4QgLNqRbDUhN9SiXr7FeXDxHEkpump,1jimothy,0.001495,97382.96,0.001698,7.07
2026-07-21 00:40:59,v12,B33A6hgEH8bB5u4QgLNqRbDUhN9SiXr7FeXDxHEkpump,1jimothy,0.001495,97382.96,0.001698,7.07
2026-07-21 00:41:19,v12,B33A6hgEH8bB5u4QgLNqRbDUhN9SiXr7FeXDxHEkpump,1jimothy,0.001531,98576.86,0.001698,7.07
2026-07-21 00:41:39,v12,B33A6hgEH8bB5u4QgLNqRbDUhN9SiXr7FeXDxHEkpump,1jimothy,0.001481,97012.99,0.001698,7.07
2026-07-21 00:42:00,v12,B33A6hgEH8bB5u4QgLNqRbDUhN9SiXr7FeXDxHEkpump,1jimothy,0.001535,98786.32,0.001698,7.07
2026-07-21 00:42:20,v12,B33A6hgEH8bB5u4QgLNqRbDUhN9SiXr7FeXDxHEkpump,1jimothy,0.001535,98786.32,0.001698,7.07
2026-07-21 00:42:40,v12,B33A6hgEH8bB5u4QgLNqRbDUhN9SiXr7FeXDxHEkpump,1jimothy,0.001287,90420.38,0.001698,7.07
2026-07-21 00:43:00,v12,B33A6hgEH8bB5u4QgLNqRbDUhN9SiXr7FeXDxHEkpump,1jimothy,0.001394,94166.1,0.001698,7.07
2026-07-21 00:43:20,v12,B33A6hgEH8bB5u4QgLNqRbDUhN9SiXr7FeXDxHEkpump,1jimothy,0.001394,94166.1,0.001698,7.07
2026-07-21 00:43:40,v12,B33A6hgEH8bB5u4QgLNqRbDUhN9SiXr7FeXDxHEkpump,1jimothy,0.001416,94941.55,0.001698,7.07
2026-07-21 00:44:00,v12,B33A6hgEH8bB5u4QgLNqRbDUhN9SiXr7FeXDxHEkpump,1jimothy,0.00147,96759.06,0.001698,7.07
2026-07-21 00:44:20,v12,B33A6hgEH8bB5u4QgLNqRbDUhN9SiXr7FeXDxHEkpump,1jimothy,0.00147,96759.06,0.001698,7.07
2026-07-21 00:44:41,v12,B33A6hgEH8bB5u4QgLNqRbDUhN9SiXr7FeXDxHEkpump,1jimothy,0.001539,99034.83,0.001698,7.07
2026-07-21 00:45:01,v12,B33A6hgEH8bB5u4QgLNqRbDUhN9SiXr7FeXDxHEkpump,1jimothy,0.001455,96365.49,0.001698,7.07
2026-07-21 00:45:21,v12,B33A6hgEH8bB5u4QgLNqRbDUhN9SiXr7FeXDxHEkpump,1jimothy,0.001455,96365.49,0.001698,7.07
2026-07-21 00:45:41,v12,B33A6hgEH8bB5u4QgLNqRbDUhN9SiXr7FeXDxHEkpump,1jimothy,0.001485,97384.29,0.001698,7.07
2026-07-21 00:46:01,v12,B33A6hgEH8bB5u4QgLNqRbDUhN9SiXr7FeXDxHEkpump,1jimothy,0.001524,98680.58,0.001698,7.07
2026-07-21 00:46:21,v12,B33A6hgEH8bB5u4QgLNqRbDUhN9SiXr7FeXDxHEkpump,1jimothy,0.001524,98680.58,0.001698,7.07
2026-07-21 00:46:41,v12,B33A6hgEH8bB5u4QgLNqRbDUhN9SiXr7FeXDxHEkpump,1jimothy,0.001503,98040.92,0.001698,7.07
2026-07-21 00:47:01,v12,B33A6hgEH8bB5u4QgLNqRbDUhN9SiXr7FeXDxHEkpump,1jimothy,0.001609,101479.01,0.001698,7.07
2026-07-21 00:47:21,v12,B33A6hgEH8bB5u4QgLNqRbDUhN9SiXr7FeXDxHEkpump,1jimothy,0.001609,101479.01,0.001698,7.07
2026-07-21 01:32:43,v12,34BTWsb3eHmNpXSnKhn3RuA3TugV5DL6kateQL3Fpump,SCG,6.828e-05,20407.33,6.828e-05,0.0
2026-07-21 01:33:03,v12,34BTWsb3eHmNpXSnKhn3RuA3TugV5DL6kateQL3Fpump,SCG,6.899e-05,20523.34,6.828e-05,1.04
2026-07-21 01:33:23,v12,34BTWsb3eHmNpXSnKhn3RuA3TugV5DL6kateQL3Fpump,SCG,6.338e-05,19672.6,6.828e-05,1.04
2026-07-21 01:33:43,v12,34BTWsb3eHmNpXSnKhn3RuA3TugV5DL6kateQL3Fpump,SCG,6.338e-05,19672.6,6.828e-05,1.04
2026-07-21 01:34:03,v12,34BTWsb3eHmNpXSnKhn3RuA3TugV5DL6kateQL3Fpump,SCG,6.836e-05,20431.07,6.828e-05,1.04
2026-07-21 01:34:24,v12,34BTWsb3eHmNpXSnKhn3RuA3TugV5DL6kateQL3Fpump,SCG,6.98e-05,20646.12,6.828e-05,2.23
2026-07-21 01:34:44,v12,34BTWsb3eHmNpXSnKhn3RuA3TugV5DL6kateQL3Fpump,SCG,6.98e-05,20646.12,6.828e-05,2.23
2026-07-21 01:35:04,v12,34BTWsb3eHmNpXSnKhn3RuA3TugV5DL6kateQL3Fpump,SCG,7.154e-05,20902.14,6.828e-05,4.77
2026-07-21 01:35:24,v12,34BTWsb3eHmNpXSnKhn3RuA3TugV5DL6kateQL3Fpump,SCG,7.503e-05,21407.9,6.828e-05,9.89
2026-07-21 01:35:44,v12,34BTWsb3eHmNpXSnKhn3RuA3TugV5DL6kateQL3Fpump,SCG,7.503e-05,21407.9,6.828e-05,9.89
2026-07-21 01:36:04,v12,34BTWsb3eHmNpXSnKhn3RuA3TugV5DL6kateQL3Fpump,SCG,7.638e-05,21599.79,6.828e-05,11.86
2026-07-21 01:36:24,v12,34BTWsb3eHmNpXSnKhn3RuA3TugV5DL6kateQL3Fpump,SCG,7.643e-05,21606.46,6.828e-05,11.94
2026-07-21 01:36:44,v12,34BTWsb3eHmNpXSnKhn3RuA3TugV5DL6kateQL3Fpump,SCG,7.643e-05,21606.46,6.828e-05,11.94
2026-07-21 01:37:04,v12,34BTWsb3eHmNpXSnKhn3RuA3TugV5DL6kateQL3Fpump,SCG,8.201e-05,22384.35,6.828e-05,20.11
2026-07-21 01:37:25,v12,34BTWsb3eHmNpXSnKhn3RuA3TugV5DL6kateQL3Fpump,SCG,9.474e-05,24066.56,6.828e-05,38.75
2026-07-21 01:37:45,v12,34BTWsb3eHmNpXSnKhn3RuA3TugV5DL6kateQL3Fpump,SCG,9.474e-05,24066.56,6.828e-05,38.75
2026-07-21 01:38:05,v12,34BTWsb3eHmNpXSnKhn3RuA3TugV5DL6kateQL3Fpump,SCG,9.262e-05,23795.28,6.828e-05,38.75
2026-07-21 01:38:25,v12,34BTWsb3eHmNpXSnKhn3RuA3TugV5DL6kateQL3Fpump,SCG,8.975e-05,23425.73,6.828e-05,38.75
2026-07-21 01:38:45,v12,34BTWsb3eHmNpXSnKhn3RuA3TugV5DL6kateQL3Fpump,SCG,8.975e-05,23425.73,6.828e-05,38.75
2026-07-21 01:39:05,v12,34BTWsb3eHmNpXSnKhn3RuA3TugV5DL6kateQL3Fpump,SCG,9.18e-05,23692.18,6.828e-05,38.75
2026-07-21 01:39:25,v12,34BTWsb3eHmNpXSnKhn3RuA3TugV5DL6kateQL3Fpump,SCG,9.081e-05,23564.7,6.828e-05,38.75
2026-07-21 01:39:45,v12,34BTWsb3eHmNpXSnKhn3RuA3TugV5DL6kateQL3Fpump,SCG,9.081e-05,23564.7,6.828e-05,38.75
2026-07-21 01:40:06,v12,34BTWsb3eHmNpXSnKhn3RuA3TugV5DL6kateQL3Fpump,SCG,8.413e-05,22684.83,6.828e-05,38.75
2026-07-21 01:40:06,v12,4JUQRkcBrvWoFsxJPEGGdGVRgsh1KRLP36t5xXPqpump,FERRE,0.0001242,26372.59,0.0001225,1.39
2026-07-21 01:40:26,v12,34BTWsb3eHmNpXSnKhn3RuA3TugV5DL6kateQL3Fpump,SCG,8.413e-05,22684.83,6.828e-05,38.75
2026-07-21 01:40:26,v12,4JUQRkcBrvWoFsxJPEGGdGVRgsh1KRLP36t5xXPqpump,FERRE,0.0001242,26372.59,0.0001225,1.39
2026-07-21 01:40:46,v12,34BTWsb3eHmNpXSnKhn3RuA3TugV5DL6kateQL3Fpump,SCG,8.841e-05,23255.26,6.828e-05,38.75
2026-07-21 01:40:46,v12,4JUQRkcBrvWoFsxJPEGGdGVRgsh1KRLP36t5xXPqpump,FERRE,0.0001209,26017.51,0.0001225,1.39
2026-07-21 01:41:06,v12,34BTWsb3eHmNpXSnKhn3RuA3TugV5DL6kateQL3Fpump,SCG,8.841e-05,23255.26,6.828e-05,38.75
2026-07-21 01:41:06,v12,4JUQRkcBrvWoFsxJPEGGdGVRgsh1KRLP36t5xXPqpump,FERRE,0.0001209,26017.51,0.0001225,1.39
2026-07-21 01:41:27,v12,34BTWsb3eHmNpXSnKhn3RuA3TugV5DL6kateQL3Fpump,SCG,9.048e-05,23527.87,6.828e-05,38.75
2026-07-21 01:41:27,v12,4JUQRkcBrvWoFsxJPEGGdGVRgsh1KRLP36t5xXPqpump,FERRE,0.0001213,26061.84,0.0001225,1.39
2026-07-21 01:41:47,v12,34BTWsb3eHmNpXSnKhn3RuA3TugV5DL6kateQL3Fpump,SCG,9.048e-05,23527.87,6.828e-05,38.75
2026-07-21 01:41:47,v12,4JUQRkcBrvWoFsxJPEGGdGVRgsh1KRLP36t5xXPqpump,FERRE,0.0001213,26061.84,0.0001225,1.39
2026-07-21 01:42:07,v12,34BTWsb3eHmNpXSnKhn3RuA3TugV5DL6kateQL3Fpump,SCG,8.811e-05,23218.52,6.828e-05,38.75
2026-07-21 01:42:07,v12,4JUQRkcBrvWoFsxJPEGGdGVRgsh1KRLP36t5xXPqpump,FERRE,0.0001223,26166.39,0.0001225,1.39
2026-07-21 01:42:27,v12,34BTWsb3eHmNpXSnKhn3RuA3TugV5DL6kateQL3Fpump,SCG,8.811e-05,23218.52,6.828e-05,38.75
2026-07-21 01:42:27,v12,4JUQRkcBrvWoFsxJPEGGdGVRgsh1KRLP36t5xXPqpump,FERRE,0.0001223,26166.39,0.0001225,1.39
2026-07-21 01:42:47,v12,34BTWsb3eHmNpXSnKhn3RuA3TugV5DL6kateQL3Fpump,SCG,9.992e-05,24720.02,6.828e-05,46.34
2026-07-21 01:42:47,v12,4JUQRkcBrvWoFsxJPEGGdGVRgsh1KRLP36t5xXPqpump,FERRE,0.0001337,27357.71,0.0001225,9.14
2026-07-21 01:43:07,v12,34BTWsb3eHmNpXSnKhn3RuA3TugV5DL6kateQL3Fpump,SCG,9.992e-05,24720.02,6.828e-05,46.34
2026-07-21 01:43:07,v12,4JUQRkcBrvWoFsxJPEGGdGVRgsh1KRLP36t5xXPqpump,FERRE,0.0001337,27357.71,0.0001225,9.14
2026-07-21 01:43:28,v12,34BTWsb3eHmNpXSnKhn3RuA3TugV5DL6kateQL3Fpump,SCG,0.0001276,27975.43,6.828e-05,86.88
2026-07-21 01:43:28,v12,4JUQRkcBrvWoFsxJPEGGdGVRgsh1KRLP36t5xXPqpump,FERRE,0.0001348,27468.31,0.0001225,10.04
2026-07-21 01:43:48,v12,34BTWsb3eHmNpXSnKhn3RuA3TugV5DL6kateQL3Fpump,SCG,0.0001276,27975.43,8.080123655249167e-05,57.92
2026-07-21 01:43:48,v12,4JUQRkcBrvWoFsxJPEGGdGVRgsh1KRLP36t5xXPqpump,FERRE,0.0001348,27468.31,0.0001225,10.04
2026-07-21 01:44:08,v12,34BTWsb3eHmNpXSnKhn3RuA3TugV5DL6kateQL3Fpump,SCG,0.0001243,27625.72,8.080123655249167e-05,57.92
2026-07-21 01:44:08,v12,4JUQRkcBrvWoFsxJPEGGdGVRgsh1KRLP36t5xXPqpump,FERRE,0.0001317,27153.65,0.0001225,10.04
2026-07-21 01:44:28,v12,34BTWsb3eHmNpXSnKhn3RuA3TugV5DL6kateQL3Fpump,SCG,0.0001243,27625.72,8.080123655249167e-05,57.92
2026-07-21 01:44:28,v12,4JUQRkcBrvWoFsxJPEGGdGVRgsh1KRLP36t5xXPqpump,FERRE,0.0001317,27153.65,0.0001225,10.04
2026-07-21 01:44:49,v12,34BTWsb3eHmNpXSnKhn3RuA3TugV5DL6kateQL3Fpump,SCG,0.0001124,26294.24,8.080123655249167e-05,57.92
2026-07-21 01:44:49,v12,4JUQRkcBrvWoFsxJPEGGdGVRgsh1KRLP36t5xXPqpump,FERRE,0.0001476,28750.71,0.0001225,20.49
2026-07-21 01:45:09,v12,34BTWsb3eHmNpXSnKhn3RuA3TugV5DL6kateQL3Fpump,SCG,0.0001124,26294.24,8.080123655249167e-05,57.92
2026-07-21 01:45:09,v12,4JUQRkcBrvWoFsxJPEGGdGVRgsh1KRLP36t5xXPqpump,FERRE,0.0001476,28750.71,0.0001225,20.49
2026-07-21 01:45:29,v12,34BTWsb3eHmNpXSnKhn3RuA3TugV5DL6kateQL3Fpump,SCG,0.0001069,25640.95,8.080123655249167e-05,57.92
2026-07-21 01:45:29,v12,4JUQRkcBrvWoFsxJPEGGdGVRgsh1KRLP36t5xXPqpump,FERRE,0.0001505,29031.89,0.0001225,22.86
2026-07-21 01:45:49,v12,34BTWsb3eHmNpXSnKhn3RuA3TugV5DL6kateQL3Fpump,SCG,0.0001069,25640.95,8.080123655249167e-05,57.92
2026-07-21 01:45:49,v12,4JUQRkcBrvWoFsxJPEGGdGVRgsh1KRLP36t5xXPqpump,FERRE,0.0001505,29031.89,0.0001225,22.86
2026-07-21 01:46:09,v12,34BTWsb3eHmNpXSnKhn3RuA3TugV5DL6kateQL3Fpump,SCG,0.0001081,25789.89,8.080123655249167e-05,57.92
2026-07-21 01:46:09,v12,4JUQRkcBrvWoFsxJPEGGdGVRgsh1KRLP36t5xXPqpump,FERRE,0.0001577,29717.13,0.0001225,28.73
2026-07-21 01:46:30,v12,34BTWsb3eHmNpXSnKhn3RuA3TugV5DL6kateQL3Fpump,SCG,0.0001081,25789.89,8.080123655249167e-05,57.92
2026-07-21 01:46:30,v12,4JUQRkcBrvWoFsxJPEGGdGVRgsh1KRLP36t5xXPqpump,FERRE,0.0001577,29717.13,0.0001225,28.73
2026-07-21 01:46:50,v12,34BTWsb3eHmNpXSnKhn3RuA3TugV5DL6kateQL3Fpump,SCG,0.0001157,26686.84,8.080123655249167e-05,57.92
2026-07-21 01:46:50,v12,4JUQRkcBrvWoFsxJPEGGdGVRgsh1KRLP36t5xXPqpump,FERRE,0.0001494,28927.61,0.0001225,28.73
2026-07-21 01:47:10,v12,34BTWsb3eHmNpXSnKhn3RuA3TugV5DL6kateQL3Fpump,SCG,0.0001157,26686.84,8.080123655249167e-05,57.92
2026-07-21 01:47:10,v12,4JUQRkcBrvWoFsxJPEGGdGVRgsh1KRLP36t5xXPqpump,FERRE,0.0001494,28927.61,0.0001225,28.73
2026-07-21 01:47:30,v12,34BTWsb3eHmNpXSnKhn3RuA3TugV5DL6kateQL3Fpump,SCG,0.0001168,26828.13,8.080123655249167e-05,57.92
2026-07-21 01:47:30,v12,4JUQRkcBrvWoFsxJPEGGdGVRgsh1KRLP36t5xXPqpump,FERRE,0.0001479,28780.09,0.0001225,28.73
2026-07-21 01:47:50,v12,34BTWsb3eHmNpXSnKhn3RuA3TugV5DL6kateQL3Fpump,SCG,0.0001168,26828.13,8.080123655249167e-05,57.92
2026-07-21 01:47:50,v12,4JUQRkcBrvWoFsxJPEGGdGVRgsh1KRLP36t5xXPqpump,FERRE,0.0001479,28780.09,0.0001225,28.73
2026-07-21 01:48:11,v12,34BTWsb3eHmNpXSnKhn3RuA3TugV5DL6kateQL3Fpump,SCG,0.0001106,26113.88,8.080123655249167e-05,57.92
2026-07-21 01:48:11,v12,4JUQRkcBrvWoFsxJPEGGdGVRgsh1KRLP36t5xXPqpump,FERRE,0.0001526,29248.2,0.0001225,28.73
2026-07-21 01:48:31,v12,34BTWsb3eHmNpXSnKhn3RuA3TugV5DL6kateQL3Fpump,SCG,0.0001106,26113.88,8.080123655249167e-05,57.92
2026-07-21 01:48:31,v12,4JUQRkcBrvWoFsxJPEGGdGVRgsh1KRLP36t5xXPqpump,FERRE,0.0001526,29248.2,0.0001225,28.73
2026-07-21 01:48:51,v12,34BTWsb3eHmNpXSnKhn3RuA3TugV5DL6kateQL3Fpump,SCG,0.0001375,29130.68,8.080123655249167e-05,70.17
2026-07-21 01:48:51,v12,4JUQRkcBrvWoFsxJPEGGdGVRgsh1KRLP36t5xXPqpump,FERRE,0.0001442,28437.61,0.0001225,28.73
2026-07-21 01:49:11,v12,34BTWsb3eHmNpXSnKhn3RuA3TugV5DL6kateQL3Fpump,SCG,0.0001375,29130.68,8.080123655249167e-05,70.17
2026-07-21 01:49:11,v12,4JUQRkcBrvWoFsxJPEGGdGVRgsh1KRLP36t5xXPqpump,FERRE,0.0001442,28437.61,0.0001225,28.73
2026-07-21 01:49:32,v12,34BTWsb3eHmNpXSnKhn3RuA3TugV5DL6kateQL3Fpump,SCG,0.0001347,28837.71,8.080123655249167e-05,70.17
2026-07-21 01:49:32,v12,4JUQRkcBrvWoFsxJPEGGdGVRgsh1KRLP36t5xXPqpump,FERRE,0.0001426,28277.19,0.0001225,28.73
2026-07-21 01:49:32,v12,4tnZ57E3oWjaZKSQY1iwgqiD8ivAGk5TambivhTYpump,GMEBULL,0.0006677,64395.47,0.0006629,0.72
2026-07-21 01:49:52,v12,34BTWsb3eHmNpXSnKhn3RuA3TugV5DL6kateQL3Fpump,SCG,0.0001347,28837.71,8.080123655249167e-05,70.17
2026-07-21 01:49:52,v12,4JUQRkcBrvWoFsxJPEGGdGVRgsh1KRLP36t5xXPqpump,FERRE,0.0001426,28277.19,0.0001225,28.73
2026-07-21 01:49:52,v12,4tnZ57E3oWjaZKSQY1iwgqiD8ivAGk5TambivhTYpump,GMEBULL,0.0006677,64395.47,0.0006629,0.72
2026-07-21 01:50:12,v12,34BTWsb3eHmNpXSnKhn3RuA3TugV5DL6kateQL3Fpump,SCG,0.0001349,28863.41,8.080123655249167e-05,70.17
2026-07-21 01:50:12,v12,4JUQRkcBrvWoFsxJPEGGdGVRgsh1KRLP36t5xXPqpump,FERRE,0.00013,26999.86,0.0001225,28.73
2026-07-21 01:50:12,v12,4tnZ57E3oWjaZKSQY1iwgqiD8ivAGk5TambivhTYpump,GMEBULL,0.0006432,63208.43,0.0006629,0.72
2026-07-21 01:50:33,v12,34BTWsb3eHmNpXSnKhn3RuA3TugV5DL6kateQL3Fpump,SCG,0.000128,28109.94,8.080123655249167e-05,70.17
2026-07-21 01:50:33,v12,4tnZ57E3oWjaZKSQY1iwgqiD8ivAGk5TambivhTYpump,GMEBULL,0.000633,62703.67,0.0006629,0.72
2026-07-21 01:50:53,v12,34BTWsb3eHmNpXSnKhn3RuA3TugV5DL6kateQL3Fpump,SCG,0.000128,28109.94,8.080123655249167e-05,70.17
2026-07-21 01:50:53,v12,4tnZ57E3oWjaZKSQY1iwgqiD8ivAGk5TambivhTYpump,GMEBULL,0.000633,62703.67,0.0006629,0.72
2026-07-21 01:51:13,v12,34BTWsb3eHmNpXSnKhn3RuA3TugV5DL6kateQL3Fpump,SCG,0.0001315,28497.81,8.080123655249167e-05,70.17
2026-07-21 01:51:13,v12,4tnZ57E3oWjaZKSQY1iwgqiD8ivAGk5TambivhTYpump,GMEBULL,0.0006849,65231.99,0.0006629,3.32
2026-07-21 01:51:33,v12,34BTWsb3eHmNpXSnKhn3RuA3TugV5DL6kateQL3Fpump,SCG,0.0001315,28497.81,8.080123655249167e-05,70.17
2026-07-21 01:51:33,v12,4tnZ57E3oWjaZKSQY1iwgqiD8ivAGk5TambivhTYpump,GMEBULL,0.0006849,65231.99,0.0006629,3.32
2026-07-21 01:51:53,v12,34BTWsb3eHmNpXSnKhn3RuA3TugV5DL6kateQL3Fpump,SCG,0.0001378,29172.42,8.080123655249167e-05,70.54
2026-07-21 01:51:53,v12,4tnZ57E3oWjaZKSQY1iwgqiD8ivAGk5TambivhTYpump,GMEBULL,0.0006636,64211.66,0.0006629,3.32
2026-07-21 01:52:13,v12,34BTWsb3eHmNpXSnKhn3RuA3TugV5DL6kateQL3Fpump,SCG,0.0001378,29172.42,8.080123655249167e-05,70.54
2026-07-21 01:52:13,v12,4tnZ57E3oWjaZKSQY1iwgqiD8ivAGk5TambivhTYpump,GMEBULL,0.0006636,64211.66,0.0006629,3.32
2026-07-21 01:52:34,v12,34BTWsb3eHmNpXSnKhn3RuA3TugV5DL6kateQL3Fpump,SCG,0.0001275,28060.08,8.080123655249167e-05,70.54
2026-07-21 01:52:34,v12,4tnZ57E3oWjaZKSQY1iwgqiD8ivAGk5TambivhTYpump,GMEBULL,0.0006626,64153.18,0.0006629,3.32
2026-07-21 01:52:54,v12,34BTWsb3eHmNpXSnKhn3RuA3TugV5DL6kateQL3Fpump,SCG,0.0001275,28060.08,8.080123655249167e-05,70.54
2026-07-21 01:52:54,v12,4tnZ57E3oWjaZKSQY1iwgqiD8ivAGk5TambivhTYpump,GMEBULL,0.0006626,64153.18,0.0006629,3.32
2026-07-21 01:53:14,v12,34BTWsb3eHmNpXSnKhn3RuA3TugV5DL6kateQL3Fpump,SCG,0.0001201,27235.25,8.080123655249167e-05,70.54
2026-07-21 01:53:14,v12,4tnZ57E3oWjaZKSQY1iwgqiD8ivAGk5TambivhTYpump,GMEBULL,0.0006751,64761.02,0.0006629,3.32
2026-07-21 01:53:34,v12,34BTWsb3eHmNpXSnKhn3RuA3TugV5DL6kateQL3Fpump,SCG,0.0001201,27235.25,8.080123655249167e-05,70.54
2026-07-21 01:53:34,v12,4tnZ57E3oWjaZKSQY1iwgqiD8ivAGk5TambivhTYpump,GMEBULL,0.0006751,64761.02,0.0006629,3.32
2026-07-21 01:53:54,v12,34BTWsb3eHmNpXSnKhn3RuA3TugV5DL6kateQL3Fpump,SCG,0.0001193,27154.74,8.080123655249167e-05,70.54
2026-07-21 01:53:54,v12,4tnZ57E3oWjaZKSQY1iwgqiD8ivAGk5TambivhTYpump,GMEBULL,0.0007069,66267.96,0.0006629,6.64
2026-07-21 01:54:15,v12,34BTWsb3eHmNpXSnKhn3RuA3TugV5DL6kateQL3Fpump,SCG,0.0001193,27154.74,8.080123655249167e-05,70.54
2026-07-21 01:54:15,v12,4tnZ57E3oWjaZKSQY1iwgqiD8ivAGk5TambivhTYpump,GMEBULL,0.0007069,66267.96,0.0006629,6.64
2026-07-21 01:54:35,v12,34BTWsb3eHmNpXSnKhn3RuA3TugV5DL6kateQL3Fpump,SCG,0.0001132,26448.48,8.080123655249167e-05,70.54
2026-07-21 01:54:35,v12,4tnZ57E3oWjaZKSQY1iwgqiD8ivAGk5TambivhTYpump,GMEBULL,0.0006845,65217.28,0.0006629,6.64
2026-07-21 01:54:55,v12,34BTWsb3eHmNpXSnKhn3RuA3TugV5DL6kateQL3Fpump,SCG,0.0001132,26448.48,8.080123655249167e-05,70.54
2026-07-21 01:54:55,v12,4tnZ57E3oWjaZKSQY1iwgqiD8ivAGk5TambivhTYpump,GMEBULL,0.0006845,65217.28,0.0006629,6.64
2026-07-21 01:55:15,v12,34BTWsb3eHmNpXSnKhn3RuA3TugV5DL6kateQL3Fpump,SCG,0.0001091,25968.36,8.080123655249167e-05,70.54
2026-07-21 01:55:15,v12,4tnZ57E3oWjaZKSQY1iwgqiD8ivAGk5TambivhTYpump,GMEBULL,0.0006495,63527.91,0.0006629,6.64
2026-07-21 01:55:35,v12,34BTWsb3eHmNpXSnKhn3RuA3TugV5DL6kateQL3Fpump,SCG,0.0001091,25968.36,8.080123655249167e-05,70.54
2026-07-21 01:55:35,v12,4tnZ57E3oWjaZKSQY1iwgqiD8ivAGk5TambivhTYpump,GMEBULL,0.0006495,63527.91,0.0006629,6.64
2026-07-21 01:55:55,v12,34BTWsb3eHmNpXSnKhn3RuA3TugV5DL6kateQL3Fpump,SCG,0.0001125,26376.15,8.080123655249167e-05,70.54
2026-07-21 01:55:55,v12,4tnZ57E3oWjaZKSQY1iwgqiD8ivAGk5TambivhTYpump,GMEBULL,0.0006724,64639.44,0.0006629,6.64
2026-07-21 01:56:16,v12,34BTWsb3eHmNpXSnKhn3RuA3TugV5DL6kateQL3Fpump,SCG,0.0001125,26376.15,8.080123655249167e-05,70.54
2026-07-21 01:56:16,v12,4tnZ57E3oWjaZKSQY1iwgqiD8ivAGk5TambivhTYpump,GMEBULL,0.0006724,64639.44,0.0006629,6.64
2026-07-21 01:56:36,v12,34BTWsb3eHmNpXSnKhn3RuA3TugV5DL6kateQL3Fpump,SCG,0.0001146,26620.73,8.080123655249167e-05,70.54
2026-07-21 01:56:36,v12,4tnZ57E3oWjaZKSQY1iwgqiD8ivAGk5TambivhTYpump,GMEBULL,0.0006649,64281.7,0.0006629,6.64
2026-07-21 01:56:56,v12,34BTWsb3eHmNpXSnKhn3RuA3TugV5DL6kateQL3Fpump,SCG,0.0001146,26620.73,8.080123655249167e-05,70.54
2026-07-21 01:56:56,v12,4tnZ57E3oWjaZKSQY1iwgqiD8ivAGk5TambivhTYpump,GMEBULL,0.0006649,64281.7,0.0006629,6.64
2026-07-21 01:57:16,v12,34BTWsb3eHmNpXSnKhn3RuA3TugV5DL6kateQL3Fpump,SCG,0.0001181,27027.15,8.080123655249167e-05,70.54
2026-07-21 01:57:16,v12,4tnZ57E3oWjaZKSQY1iwgqiD8ivAGk5TambivhTYpump,GMEBULL,0.0006161,61883.72,0.0006629,6.64
2026-07-21 01:57:36,v12,34BTWsb3eHmNpXSnKhn3RuA3TugV5DL6kateQL3Fpump,SCG,0.0001181,27027.15,8.080123655249167e-05,70.54
2026-07-21 01:57:36,v12,4tnZ57E3oWjaZKSQY1iwgqiD8ivAGk5TambivhTYpump,GMEBULL,0.0006161,61883.72,0.0006629,6.64
2026-07-21 01:57:57,v12,34BTWsb3eHmNpXSnKhn3RuA3TugV5DL6kateQL3Fpump,SCG,0.0001217,27457.47,8.080123655249167e-05,70.54
2026-07-21 01:57:57,v12,4tnZ57E3oWjaZKSQY1iwgqiD8ivAGk5TambivhTYpump,GMEBULL,0.0006071,61484.63,0.0006629,6.64
2026-07-21 01:58:17,v12,34BTWsb3eHmNpXSnKhn3RuA3TugV5DL6kateQL3Fpump,SCG,0.0001217,27457.47,8.080123655249167e-05,70.54
2026-07-21 01:58:17,v12,4tnZ57E3oWjaZKSQY1iwgqiD8ivAGk5TambivhTYpump,GMEBULL,0.0006071,61484.63,0.0006629,6.64
2026-07-21 01:58:37,v12,34BTWsb3eHmNpXSnKhn3RuA3TugV5DL6kateQL3Fpump,SCG,0.0001256,27886.34,8.080123655249167e-05,70.54
2026-07-21 01:58:37,v12,4tnZ57E3oWjaZKSQY1iwgqiD8ivAGk5TambivhTYpump,GMEBULL,0.0006278,62524.39,0.0006629,6.64
2026-07-21 01:58:57,v12,34BTWsb3eHmNpXSnKhn3RuA3TugV5DL6kateQL3Fpump,SCG,0.0001256,27886.34,8.080123655249167e-05,70.54
2026-07-21 01:58:57,v12,4tnZ57E3oWjaZKSQY1iwgqiD8ivAGk5TambivhTYpump,GMEBULL,0.0006278,62524.39,0.0006629,6.64
2026-07-21 01:59:17,v12,34BTWsb3eHmNpXSnKhn3RuA3TugV5DL6kateQL3Fpump,SCG,0.000141,29558.7,8.080123655249167e-05,74.5
2026-07-21 01:59:17,v12,4tnZ57E3oWjaZKSQY1iwgqiD8ivAGk5TambivhTYpump,GMEBULL,0.0006343,62849.21,0.0006629,6.64
2026-07-21 01:59:37,v12,34BTWsb3eHmNpXSnKhn3RuA3TugV5DL6kateQL3Fpump,SCG,0.000141,29558.7,8.080123655249167e-05,74.5
2026-07-21 01:59:37,v12,4tnZ57E3oWjaZKSQY1iwgqiD8ivAGk5TambivhTYpump,GMEBULL,0.0006343,62849.21,0.0006629,6.64
2026-07-21 01:59:58,v12,34BTWsb3eHmNpXSnKhn3RuA3TugV5DL6kateQL3Fpump,SCG,0.0001314,28540.82,8.080123655249167e-05,74.5
2026-07-21 01:59:58,v12,4tnZ57E3oWjaZKSQY1iwgqiD8ivAGk5TambivhTYpump,GMEBULL,0.0006207,62177.77,0.0006629,6.64
